ST.	O
LOUIS	O
","	O
MO.	O
","	O
January	O
22	O
","	O
2020	O
The	O
St.	B_new_team_city
Louis	I_new_team_city
Cardinals	B_new_team
announced	O
today	O
that	O
they	O
have	O
agreed	O
to	O
terms	O
with	O
free-agent	O
catcher	B_player_position
Matt	B_player_name
Wieters	I_player_name
(	O
pronounced	O
WEE-ters	O
)	O
on	O
a	O
one-year	O
contract	O
for	O
the	O
upcoming	O
2020	O
season	O
.	O
Wieters	O
","	O
33	B_player_age
","	O
returns	O
to	O
the	O
Cardinals	O
for	O
a	O
second-straight	O
season	O
.	O
He	O
signed	O
with	O
St.	O
Louis	O
on	O
February	O
27	O
last	O
year	O
as	O
a	O
non-roster	O
invitee	O
","	O
and	O
was	O
a	O
key	O
member	O
of	O
the	O
Redbirds	O
'	O
N.L	O
.	O
Central	O
Division-winning	O
club	O
","	O
appearing	O
in	O
67	O
games	O
(	O
54	O
starts	O
)	O
.	O
FLUSHING	O
","	O
N.Y.	O
","	O
January	O
28	O
","	O
2019	O
The	O
New	B_new_team_city
York	I_new_team_city
Mets	B_new_team
announced	O
today	O
that	O
the	O
club	O
has	O
signed	O
All-Star	O
infielder	B_player_position
Eduardo	B_player_name
Nunez	I_player_name
","	O
catcher	B_player_position
Rene	B_player_name
Rivera	I_player_name
and	O
right-handed	O
pitcher	B_player_position
Erasmo	B_player_name
Ramirez	I_player_name
to	O
minor	O
league	O
contracts	O
and	O
invited	O
all	O
three	O
to	O
major	O
league	O
spring	O
training	O
.	O
Nunez	O
","	O
32	B_player_age
","	O
is	O
a	O
10-year	O
major	O
league	O
veteran	O
whose	O
major	O
league	O
career	O
began	O
in	O
New	O
York	O
","	O
playing	O
his	O
first	O
four	O
seasons	O
with	O
the	O
Yankees	O
(	O
2010-2013	O
)	O
.	O
The	O
Dominican	O
infielder	O
is	O
a	O
lifetime	O
.276/.310/.404	O
hitter	O
in	O
856	O
major	O
league	O
games	O
with	O
the	O
Yankees	O
","	O
Minnesota	O
(	O
2014-2016	O
)	O
","	O
San	O
Francisco	O
(	O
2016-2017	O
)	O
and	O
Boston	O
(	O
2017-2019	O
)	O
.	O
He	O
was	O
named	O
an	O
AL	O
All-Star	O
in	O
2016	O
when	O
he	O
hit	O
16	O
homers	O
","	O
drove	O
in	O
67	O
runs	O
and	O
stole	O
40	O
bases	O
.	O
ATLANTA	O
The	O
Atlanta	B_new_team_city
Braves	B_new_team
today	O
signed	O
infielder	B_player_position
Adeiny	B_player_name
Hechavarria	I_player_name
to	O
a	O
one-year	O
contract	O
worth	O
$	B_contract_amount
1	I_contract_amount
million	I_contract_amount
.	O
The	O
club	O
's	O
40-man	O
roster	O
now	O
stands	O
at	O
39	O
.	O
Hechavarria	O
","	O
30	B_player_age
","	O
split	O
last	O
season	O
between	O
Atlanta	O
and	O
New	O
York	O
(	O
NL	O
)	O
","	O
hitting	O
0.328	O
(	O
20-for-61	O
)	O
with	O
four	O
home	O
runs	O
and	O
a	O
1.039	O
OPS	O
in	O
24	O
games	O
with	O
the	O
Braves	O
.	O
He	O
joined	O
the	O
team	O
on	O
August	O
16	O
after	O
beginning	O
the	O
year	O
with	O
the	O
Mets	O
.	O
He	O
compiled	O
a	O
0.204	O
(	O
29-for-142	O
)	O
average	O
with	O
five	O
home	O
runs	O
and	O
a	O
0.611	O
OPS	O
in	O
60	O
games	O
for	O
New	O
York	O
.	O
Overall	O
","	O
he	O
compiled	O
a	O
.241/.299/.443	O
line	O
with	O
nine	O
home	O
runs	O
in	O
84	O
games	O
during	O
the	O
2019	O
season	O
.	O
The	O
Washington	B_new_team_city
Nationals	B_new_team
agreed	O
to	O
terms	O
on	O
a	O
three-year	O
contract	O
with	O
right-handed	O
pitcher	B_player_position
Will	B_player_name
Harris	I_player_name
on	O
Friday	O
.	O
Nationals	O
President	O
of	O
Baseball	O
Operations	O
and	O
General	O
Manager	O
Mike	O
Rizzo	O
made	O
the	O
announcement	O
.	O
Harris	O
","	O
35	B_player_age
","	O
joins	O
the	O
Nationals	O
after	O
going	O
1-Apr	O
with	O
four	O
saves	O
and	O
a	O
1.5	O
ERA	O
in	O
68	O
games	O
for	O
the	O
Houston	O
Astros	O
in	O
2019	O
.	O
He	O
struck	O
out	O
62	O
batters	O
","	O
walked	O
14	O
and	O
posted	O
a	O
0.196	O
opponents	O
'	O
batting	O
average	O
in	O
his	O
eighth	O
Major	O
League	O
season	O
.	O
DETROIT	O
The	O
Detroit	B_new_team_city
Tigers	B_new_team
today	O
claimed	O
the	O
contract	O
of	O
right-handed	O
pitcher	B_player_position
David	B_player_name
McKay	I_player_name
from	O
the	O
Seattle	O
Mariners	O
.	O
McKay	O
","	O
24	B_player_age
","	O
is	O
currently	O
ranked	O
as	O
the	O
28th-best	O
prospect	O
in	O
the	O
Mariners	O
organization	O
by	O
MLB	O
Pipeline	O
.	O
McKay	O
","	O
who	O
stands	O
at	O
3-Jun	O
","	O
205	O
pounds	O
","	O
has	O
spent	O
most	O
of	O
the	O
2019	O
season	O
with	O
Triple	O
A	O
Tacoma	O
","	O
posting	O
a	O
1-Mar	O
record	O
with	O
a	O
5.15	O
ERA	O
(	O
43.2IP/25ER	O
)	O
and	O
71	O
strikeouts	O
in	O
30	O
appearances	O
.	O
He	O
also	O
made	O
his	O
Major	O
League	O
debut	O
with	O
Seattle	O
this	O
season	O
","	O
pitching	O
in	O
seven	O
games	O
and	O
compiling	O
a	O
5.14	O
ERA	O
(	O
7.0IP/4ER	O
)	O
with	O
five	O
strikeouts	O
.	O
In	O
four	O
Minor	O
League	O
seasons	O
","	O
McKay	O
has	O
an	O
18-11	O
record	O
with	O
two	O
saves	O
","	O
a	O
4.81	O
ERA	O
(	O
236.0IP/126ER	O
)	O
and	O
276	O
strikeouts	O
.	O
Originally	O
drafted	O
by	O
the	O
Kansas	O
City	O
Royals	O
in	O
the	O
14th	O
round	O
of	O
the	O
2016	O
MLB	O
Draft	O
","	O
McKay	O
played	O
collegiately	O
at	O
Florida	O
Atlantic	O
University	O
.	O
DETROIT	O
The	O
Detroit	B_new_team_city
Tigers	B_new_team
have	O
agreed	O
to	O
terms	O
with	O
outfielder	B_player_position
Cameron	B_player_name
Maybin	I_player_name
on	O
a	O
one-year	O
Major	O
League	O
contract	O
.	O
Cameron	O
is	O
a	O
dynamic	O
outfielder	O
that	O
we	O
can	O
rely	O
on	O
for	O
solid	O
play	O
in	O
both	O
the	O
field	O
and	O
at	O
the	O
plate	O
","	O
said	O
Al	O
Avila	O
","	O
Detroit	O
Tigers	O
Executive	O
Vice	O
President	O
of	O
Baseball	O
Operations	O
and	O
General	O
Manager	O
.	O
His	O
veteran	O
presence	O
will	O
be	O
an	O
asset	O
to	O
our	O
lineup	O
and	O
we	O
're	O
excited	O
to	O
have	O
him	O
back	O
with	O
the	O
organization	O
.	O
Maybin	O
","	O
32	B_player_age
","	O
began	O
the	O
2019	O
regular	O
season	O
in	O
the	O
Cleveland	O
Indians	O
organization	O
before	O
being	O
traded	O
to	O
the	O
New	O
York	O
Yankees	O
on	O
April	O
25	O
.	O
In	O
82	O
games	O
at	O
the	O
Major	O
League	O
level	O
with	O
the	O
Yankees	O
","	O
Maybin	O
hit	O
.285/.364/.494	O
with	O
17	O
doubles	O
","	O
a	O
career-high	O
11	O
home	O
runs	O
and	O
32	O
RBI	O
.	O
DETROIT	O
The	O
Detroit	B_new_team_city
Tigers	B_new_team
today	O
acquired	O
righthanded	O
pitcher	B_player_position
Dario	B_player_name
Agrazal	I_player_name
from	O
the	O
Pittsburgh	O
Pirates	O
in	O
exchange	O
for	O
cash	O
considerations	O
.	O
Agrazal	O
","	O
24	B_player_age
","	O
saw	O
time	O
at	O
three	O
levels	O
of	O
the	O
Pirates	O
organization	O
in	O
2019	O
","	O
including	O
his	O
first	O
Major	O
League	O
action	O
.	O
In	O
15	O
appearances	O
","	O
including	O
14	O
starts	O
","	O
with	O
Pittsburgh	O
","	O
Agrazal	O
had	O
a	O
5-Apr	O
record	O
with	O
a	O
4.91	O
ERA	O
(	O
73.1IP/40ER	O
)	O
and	O
41	O
strikeouts	O
.	O
The	O
Miami	B_new_team_city
Marlins	B_new_team
today	O
announced	O
that	O
the	O
club	O
has	O
signed	O
outfielder	B_player_position
Corey	B_player_name
Dickerson	I_player_name
to	O
a	O
two-year	O
contract	O
through	O
the	O
2021	O
season	O
.	O
Dickerson	O
","	O
30	B_player_age
","	O
was	O
a	O
2017	O
American	O
League	O
All-Star	O
with	O
Tampa	O
Bay	O
and	O
won	O
the	O
National	O
League	O
Rawlings	O
Gold	O
Glove	O
Award	O
for	O
left	O
field	O
in	O
2018	O
with	O
Pittsburgh	O
.	O
For	O
more	O
details	O
on	O
the	O
signing	O
","	O
please	O
visit	O
the	O
Miami	O
Marlins	O
Beyond	O
the	O
Bases	O
blog	O
.	O
ATLANTA	O
--	O
The	O
Atlanta	B_new_team_city
Braves	B_new_team
tonight	O
signed	O
RHP	B_player_position
Chris	B_player_name
Martin	I_player_name
to	O
a	O
two-year	O
contract	O
worth	O
$	B_contract_amount
14	I_contract_amount
million	I_contract_amount
.	O
Martin	O
will	O
make	O
$	O
7	O
million	O
in	O
each	O
year	O
of	O
the	O
deal	O
.	O
The	O
Braves	O
now	O
have	O
39	O
players	O
on	O
the	O
club	O
's	O
40-man	O
roster	O
.	O
Martin	O
","	O
33	B_player_age
","	O
finished	O
last	O
season	O
with	O
the	O
Braves	O
after	O
the	O
club	O
acquired	O
him	O
at	O
the	O
July	O
31	O
trade	O
deadline	O
from	O
Texas	O
for	O
LHP	O
Kolby	O
Allard	O
.	O
The	O
righty	O
appeared	O
in	O
58	O
games	O
between	O
the	O
two	O
clubs	O
","	O
compiling	O
a	O
3.4	O
ERA	O
(	O
21	O
ER/55.2	O
IP	O
)	O
with	O
four	O
saves	O
and	O
a	O
22	O
K/BB	O
ratio	O
(	O
65	O
strikeouts/5	O
walks	O
)	O
.	O
He	O
went	O
1-Jan	O
with	O
a	O
4.08	O
ERA	O
(	O
8	O
ER/17.2	O
IP	O
)	O
in	O
20	O
games	O
for	O
the	O
Braves	O
","	O
striking	O
out	O
22	O
and	O
walking	O
just	O
one	O
.	O
SEATTLE	O
","	O
Wash.	O
Seattle	B_new_team_city
Mariners	B_new_team
Executive	O
Vice	O
President	O
&	O
General	O
Manager	O
of	O
Baseball	O
Operations	O
Jerry	O
Dipoto	O
announced	O
today	O
that	O
Mariners	O
have	O
signed	O
free	O
agent	O
RHP	B_player_position
Kendall	B_player_name
Graveman	I_player_name
to	O
a	O
one-year	O
contract	O
.	O
Seattle	O
's	O
40-man	O
Major	O
League	O
roster	O
is	O
now	O
at	O
38	O
players	O
.	O
Per	O
club	O
policy	O
","	O
the	O
terms	O
of	O
the	O
contract	O
were	O
not	O
disclosed	O
.	O
DETROIT	O
The	O
Detroit	B_new_team_city
Tigers	B_new_team
today	O
acquired	O
catcher	B_player_position
Jhon	B_player_name
Nunez	I_player_name
from	O
the	O
Boston	O
Red	O
Sox	O
in	O
exchange	O
for	O
lefthanded	O
pitcher	O
Matt	O
Hall	O
.	O
Nunez	O
will	O
be	O
a	O
non-roster	O
invitee	O
to	O
the	O
Tigers	O
Major	O
League	O
Spring	O
Training	O
camp	O
.	O
Nunez	O
","	O
25	B_player_age
","	O
spent	O
the	O
2019	O
season	O
with	O
Double	O
A	O
Portland	O
","	O
where	O
he	O
was	O
named	O
an	O
Eastern	O
League	O
midseason	O
All-Star	O
and	O
hit	O
.280/.333/.412	O
with	O
11	O
doubles	O
","	O
one	O
triple	O
","	O
five	O
home	O
runs	O
and	O
21	O
RBI	O
.	O
Defensively	O
","	O
he	O
threw	O
out	O
30-of-72	O
base	O
stealers	O
for	O
a	O
41.7	O
caught	O
stealing	O
percentage	O
","	O
which	O
ranked	O
fourth	O
in	O
the	O
Eastern	O
League	O
.	O
ATLANTA	O
The	O
Atlanta	B_new_team_city
Braves	B_new_team
today	O
signed	O
C	B_player_position
Travis	B_player_name
d'Arnaud	I_player_name
to	O
a	O
two-year	O
contract	O
worth	O
$	B_contract_amount
16	I_contract_amount
million	I_contract_amount
.	O
D'Arnaud	O
will	O
make	O
$	O
8	O
million	O
in	O
each	O
year	O
of	O
the	O
deal	O
.	O
The	O
Braves	O
now	O
have	O
40	O
players	O
on	O
the	O
club	O
's	O
40-man	O
roster	O
.	O
D'Arnaud	O
","	O
30	B_player_age
","	O
split	O
last	O
season	O
between	O
New	O
York	O
(	O
NL	O
)	O
","	O
Los	O
Angeles	O
(	O
NL	O
)	O
and	O
Tampa	O
Bay	O
","	O
batting	O
a	O
combined	O
0.251	O
(	O
88-for-351	O
)	O
with	O
16	O
home	O
runs	O
","	O
69	O
RBI	O
and	O
a	O
0.745	O
OPS	O
in	O
103	O
games	O
.	O
The	O
6-foot-2	O
","	O
211-pound	O
native	O
of	O
Long	O
Beach	O
","	O
Calif.	O
","	O
spent	O
most	O
of	O
the	O
season	O
with	O
the	O
Rays	O
","	O
appearing	O
in	O
92	O
games	O
and	O
hitting	O
0.263	O
(	O
86-for-327	O
)	O
with	O
all	O
16	O
of	O
his	O
homers	O
.	O
The	O
Atlanta	B_new_team_city
Braves	B_new_team
today	O
acquired	O
RHP	B_player_position
Mark	B_player_name
Melancon	I_player_name
from	O
the	O
San	O
Francisco	O
Giants	O
in	O
exchange	O
for	O
RHP	O
Dan	O
Winkler	O
and	O
RHP	O
Tristan	O
Beck	O
.	O
Melancon	O
","	O
34	O
","	O
is	O
2-Apr	O
with	O
a	O
3.5	O
ERA	O
(	O
18	O
ER/46.1	O
IP	O
)	O
in	O
43	O
appearances	O
for	O
the	O
Giants	O
","	O
with	O
44	O
strikeouts	O
and	O
16	O
walks	O
.	O
He	O
has	O
converted	O
his	O
only	O
save	O
opportunity	O
.	O
FLUSHING	O
","	O
N.Y.	O
","	O
January	O
31	O
","	O
2020	O
The	O
New	B_new_team_city
York	I_new_team_city
Mets	B_new_team
today	O
announced	O
that	O
the	O
club	O
has	O
signed	O
first	B_player_position
baseman	I_player_position
Matt	B_player_name
Adams	I_player_name
to	O
a	O
minor	O
league	O
contract	O
and	O
invited	O
him	O
to	O
major	O
league	O
Spring	O
Training	O
.	O
Adams	O
","	O
31	B_player_age
","	O
leads	O
all	O
active	O
major	O
leaguers	O
with	O
11	O
pinch-hit	O
homers	O
and	O
49	O
pinch-hit	O
RBI	O
.	O
His	O
0.469	O
career	O
slugging	O
percentage	O
ranks	O
12th	O
among	O
all	O
left-handed	O
batters	O
since	O
his	O
debut	O
in	O
2012	O
.	O
The	O
Pittsburgh	B_new_team_city
Pirates	B_new_team
today	O
signed	O
outfielder	B_player_position
Jarrod	B_player_name
Dyson	I_player_name
(	O
pronounced	O
jah-ROD	O
)	O
to	O
a	O
one-year	O
contract	O
for	O
the	O
2020	O
season	O
.	O
The	O
announcement	O
was	O
made	O
by	O
General	O
Manager	O
","	O
Ben	O
Cherington	O
.	O
Dyson	O
spent	O
the	O
entire	O
2019	O
season	O
with	O
Arizona	O
","	O
where	O
he	O
recorded	O
at	O
least	O
30	O
stolen	O
bases	O
for	O
the	O
fifth	O
time	O
in	O
his	O
career	O
while	O
also	O
establishing	O
career	O
highs	O
in	O
games	O
(	O
130	O
)	O
","	O
runs	O
scored	O
(	O
65	O
)	O
","	O
hits	O
(	O
92	O
)	O
","	O
home	O
runs	O
(	O
seven	O
)	O
and	O
walks	O
(	O
47	O
)	O
.	O
The	O
35-year-old	O
Dyson	O
also	O
recorded	O
the	O
second-best	O
stolen	O
base	O
percentage	O
(	O
88.2	O
)	O
among	O
all	O
National	O
League	O
players	O
in	O
2019	O
after	O
being	O
successful	O
in	O
30	O
of	O
his	O
34	O
stolen	O
base	O
attempts	O
","	O
trailing	O
only	O
Milwaukee	O
's	O
Christian	O
Yelich	O
(	O
93.8	O
)	O
.	O
He	O
finished	O
third	O
overall	O
in	O
the	O
National	O
League	O
in	O
stolen	O
bases	O
","	O
while	O
becoming	O
just	O
the	O
sixth	O
different	O
player	O
in	O
Diamondbacks	O
history	O
to	O
steal	O
at	O
least	O
30	O
bases	O
in	O
a	O
single	O
season	O
.	O
SAN	O
DIEGO	O
The	O
San	B_new_team_city
Diego	I_new_team_city
Padres	B_new_team
have	O
agreed	O
to	O
terms	O
with	O
Jayce	B_player_name
Tingler	I_player_name
on	O
a	O
three-year	O
contract	O
to	O
become	O
the	O
21st	O
manager	O
in	O
franchise	O
history	O
","	O
Executive	O
Vice	O
President/General	O
Manager	O
A.J	O
.	O
Preller	O
announced	O
today	O
.	O
Tingler	O
","	O
38	B_player_age
","	O
spent	O
last	O
season	O
as	O
the	O
Major	O
League	O
player	O
development	O
field	O
coordinator	O
for	O
the	O
Texas	O
Rangers	O
in	O
his	O
13th	O
season	O
with	O
the	O
organization	O
.	O
The	O
Smithville	O
","	O
Mo.	O
","	O
native	O
moved	O
to	O
the	O
front	O
office	O
for	O
two	O
years	O
to	O
assume	O
the	O
role	O
of	O
assistant	O
general	O
manager	O
(	O
2017-18	O
)	O
","	O
overseeing	O
the	O
club	O
's	O
player	O
development	O
system	O
before	O
returning	O
to	O
the	O
dugout	O
as	O
bench	O
coach	O
to	O
end	O
the	O
2018	O
season	O
.	O
The	O
Miami	B_new_team_city
Marlins	B_new_team
today	O
announced	O
the	O
signing	O
of	O
catcher	B_player_position
Francisco	B_player_name
Cervelli	I_player_name
to	O
a	O
one-year	O
contract	O
for	O
the	O
2020	O
season	O
.	O
Cervelli	O
","	O
a	O
native	O
of	O
Valencia	O
","	O
Venezuela	O
","	O
is	O
a	O
12-year	O
Major	O
League	O
veteran	O
.	O
The	O
33-year-old	O
began	O
his	O
career	O
with	O
the	O
New	O
York	O
Yankees	O
from	O
2008-14	O
","	O
and	O
has	O
also	O
played	O
for	O
Pittsburgh	O
(	O
2015-19	O
)	O
and	O
Atlanta	O
(	O
2019	O
)	O
.	O
He	O
has	O
a	O
0.269	O
career	O
batting	O
average	O
over	O
714	O
games	O
.	O
He	O
had	O
one	O
of	O
his	O
most	O
productive	O
seasons	O
in	O
2018	O
with	O
the	O
Pirates	O
","	O
batting	O
0.259	O
in	O
104	O
games	O
","	O
while	O
posting	O
15	O
doubles	O
and	O
career	O
highs	O
in	O
home	O
runs	O
(	O
12	O
)	O
and	O
RBI	O
(	O
57	O
)	O
.	O
He	O
led	O
Major	O
League	O
catchers	O
with	O
a	O
0.376	O
on-base	O
percentage	O
that	O
season	O
","	O
and	O
was	O
a	O
finalist	O
for	O
the	O
National	O
League	O
Silver	O
Slugger	O
award	O
for	O
catchers	O
.	O
CLEVELAND	O
","	O
OH	O
The	O
Cleveland	B_new_team_city
Indians	B_new_team
today	O
announced	O
the	O
signing	O
of	O
free	B_player_position
agent	I_player_position
of	O
Domingo	B_player_name
Santana	I_player_name
to	O
a	O
Major	O
League	O
contract	O
for	O
the	O
2020	O
season	O
with	O
a	O
club	O
option	O
for	O
2021	O
.	O
Santana	O
","	O
27	B_player_age
","	O
spent	O
the	O
2019	O
season	O
with	O
the	O
Seattle	O
Mariners	O
","	O
batting	O
0.253	O
(	O
114-for-451	O
)	O
with	O
20	O
doubles	O
","	O
1	O
triple	O
","	O
21	O
home	O
runs	O
and	O
69	O
RBI	O
in	O
121	O
games	O
.	O
PHOENIX	O
-	O
The	O
Milwaukee	B_new_team_city
Brewers	B_new_team
have	O
signed	O
right-handed	O
pitcher	B_player_position
Freddy	B_player_name
Peralta	I_player_name
to	O
a	O
five-year	O
contract	O
through	O
2024	O
with	O
club	O
options	O
for	O
2025	O
and	O
2026	O
.	O
The	O
announcement	O
was	O
made	O
by	O
President	O
of	O
Baseball	O
Operations	O
and	O
General	O
Manager	O
David	O
Stearns	O
.	O
We	O
are	O
happy	O
to	O
announce	O
that	O
we	O
have	O
reached	O
a	O
multi-year	O
extension	O
with	O
Freddy	O
that	O
can	O
keep	O
him	O
in	O
a	O
Brewers	O
uniform	O
for	O
the	O
better	O
part	O
of	O
this	O
decade	O
","	O
said	O
Stearns	O
.	O
During	O
the	O
initial	O
stages	O
of	O
his	O
career	O
","	O
Freddy	O
has	O
demonstrated	O
numerous	O
qualities	O
that	O
we	O
believe	O
will	O
make	O
him	O
a	O
quality	O
Major	O
League	O
pitcher	O
for	O
years	O
to	O
come	O
.	O
His	O
talent	O
combined	O
with	O
his	O
intellect	O
and	O
work	O
ethic	O
give	O
him	O
a	O
great	O
base	O
from	O
which	O
to	O
build	O
.	O
Peralta	O
","	O
23	B_player_age
","	O
was	O
acquired	O
from	O
Seattle	O
on	O
Dec.	O
9	O
","	O
2015	O
as	O
part	O
of	O
a	O
four-player	O
trade	O
in	O
which	O
first	O
baseman	O
Adam	O
Lind	O
was	O
sent	O
to	O
the	O
Mariners	O
.	O
He	O
has	O
gone	O
13-7	O
with	O
a	O
4.79	O
ERA	O
in	O
55	O
games	O
(	O
22	O
starts	O
)	O
in	O
his	O
Major	O
League	O
career	O
","	O
all	O
with	O
Milwaukee	O
(	O
2018-19	O
)	O
","	O
while	O
holding	O
opponents	O
to	O
a	O
0.221	O
batting	O
average	O
with	O
211	O
strikeouts	O
in	O
just	O
163.1	O
innings	O
pitched	O
.	O
FLUSHING	O
","	O
N.Y.	O
","	O
December	O
16	O
","	O
2019	O
The	O
New	B_new_team_city
York	I_new_team_city
Mets	B_new_team
today	O
announced	O
that	O
the	O
club	O
has	O
signed	O
Cy	O
Young	O
Award-winning	O
right-handed	O
pitcher	B_player_position
Rick	B_player_name
Porcello	I_player_name
to	O
a	O
one-year	O
deal	O
.	O
In	O
a	O
corresponding	O
move	O
","	O
right-handed	O
pitcher	O
Stephen	O
Nogosek	O
has	O
been	O
designated	O
for	O
assignment	O
.	O
Porcello	O
","	O
30	B_player_age
","	O
has	O
spent	O
the	O
last	O
five	O
seasons	O
with	O
Boston	O
","	O
where	O
he	O
compiled	O
a	O
73-55	O
record	O
.	O
He	O
ranks	O
third	O
in	O
the	O
majors	O
with	O
64	O
wins	O
since	O
2016	O
","	O
including	O
when	O
he	O
won	O
a	O
major	O
league-leading	O
22	O
games	O
and	O
won	O
the	O
AL	O
Cy	O
Young	O
Award	O
that	O
season	O
.	O
The	O
Washington	B_new_team_city
Nationals	B_new_team
agreed	O
to	O
terms	O
on	O
a	O
two-year	O
contract	O
with	O
catcher	B_player_position
Yan	B_player_name
Gomes	I_player_name
and	O
a	O
one-year	O
contract	O
with	O
a	O
mutual	O
option	O
for	O
2021	O
with	O
infielder	O
Howie	O
Kendrick	O
on	O
Tuesday	O
.	O
Nationals	O
President	O
of	O
Baseball	O
Operations	O
and	O
General	O
Manager	O
Mike	O
Rizzo	O
made	O
the	O
announcements	O
.	O
Gomes	O
","	O
32	B_player_age
","	O
returns	O
to	O
the	O
Nationals	O
after	O
hitting	O
0.223	O
with	O
16	O
doubles	O
","	O
12	O
home	O
runs	O
","	O
43	O
RBI	O
","	O
38	O
walks	O
","	O
two	O
stolen	O
bases	O
and	O
36	O
runs	O
scored	O
in	O
his	O
first	O
season	O
with	O
Washington	O
in	O
2019	O
.	O
From	O
August	O
18	O
through	O
the	O
end	O
of	O
the	O
season	O
","	O
he	O
led	O
Major	O
League	O
catchers	O
(	O
min	O
.	O
100	O
PA	O
)	O
in	O
slugging	O
percentage	O
(	O
0.564	O
)	O
and	O
OPS	O
(	O
0.9	O
)	O
.	O
He	O
ranked	O
tied	O
for	O
first	O
in	O
doubles	O
(	O
9	O
)	O
","	O
tied	O
for	O
third	O
in	O
home	O
runs	O
(	O
6	O
)	O
and	O
tied	O
for	O
fourth	O
in	O
RBI	O
(	O
17	O
)	O
over	O
this	O
stretch	O
.	O
SAN	O
DIEGO	O
The	O
San	B_new_team_city
Diego	I_new_team_city
Padres	B_new_team
have	O
acquired	O
right-handed	O
pitcher	B_player_position
Zach	B_player_name
Davies	I_player_name
and	O
outfielder	B_player_position
Trent	B_player_name
Grisham	I_player_name
from	O
the	O
Milwaukee	O
Brewers	O
in	O
exchange	O
for	O
left-hander	O
Eric	O
Lauer	O
","	O
infielder	O
Luis	O
Urlas	O
and	O
a	O
player	O
to	O
be	O
named	O
later	O
or	O
cash	O
considerations	O
","	O
Executive	O
Vice	O
President/General	O
Manager	O
A.J	O
.	O
Preller	O
announced	O
today	O
.	O
Davies	O
","	O
26	B_player_age
","	O
posted	O
a	O
7-Oct	O
record	O
with	O
a	O
3.55	O
ERA	O
(	O
63	O
ER	O
","	O
159.2	O
IP	O
)	O
","	O
a	O
0.256	O
opponents	O
average	O
","	O
102	O
strikeouts	O
and	O
51	O
walks	O
across	O
31	O
starts	O
for	O
the	O
Brewers	O
in	O
2019	O
.	O
OAKLAND	O
","	O
Calif	O
.	O
The	O
Oakland	B_new_team_city
A	B_new_team
's	I_new_team
acquired	O
infielder/outfielder	B_player_position
Tony	B_player_name
Kemp	I_player_name
from	O
the	O
Chicago	O
Cubs	O
for	O
minor	O
league	O
infielder	O
Alfonso	O
Rivas	O
","	O
the	O
club	O
announced	O
today	O
.	O
SAN	O
DIEGO	O
The	O
San	B_new_team_city
Diego	I_new_team_city
Padres	B_new_team
have	O
acquired	O
right-handed	O
pitcher	B_player_position
Emilio	B_player_name
Pagon	I_player_name
from	O
the	O
Tampa	O
Bay	O
Rays	O
in	O
exchange	O
for	O
outfielder	O
Manuel	O
Margot	O
and	O
catcher/outfielder	O
Logan	O
Driscoll	O
","	O
Executive	O
Vice	O
President/General	O
Manager	O
A.J	O
.	O
Preller	O
announced	O
today	O
.	O
In	O
66	O
games	O
for	O
the	O
Rays	O
last	O
year	O
","	O
Pagon	O
led	O
the	O
bullpen	O
in	O
saves	O
(	O
20	O
)	O
and	O
strikeouts	O
(	O
96	O
)	O
","	O
despite	O
playing	O
the	O
first	O
two	O
weeks	O
of	O
the	O
season	O
with	O
Triple-A	O
Durham	O
.	O
The	O
28-year-old	O
set	O
career	O
highs	O
in	O
ERA	O
(	O
2.31	O
)	O
","	O
appearances	O
","	O
innings	O
pitched	O
(	O
70	O
)	O
","	O
strikeouts	O
","	O
WHIP	O
(	O
0.081	O
)	O
and	O
opponent	O
AVG	O
(	O
0.179	O
)	O
","	O
and	O
among	O
American	O
League	O
relievers	O
","	O
the	O
right-hander	O
's	O
WHIP	O
ranked	O
2nd	O
","	O
his	O
opponent	O
AVG	O
was	O
T-4th	O
","	O
his	O
strikeout	O
total	O
was	O
T-5th	O
and	O
his	O
12.34	O
SO/9	O
ranked	O
13th	O
.	O
SEATTLE	O
","	O
Wash.	O
Seattle	B_new_team_city
Mariners	B_new_team
Executive	O
Vice	O
President	O
&	O
General	O
Manager	O
of	O
Baseball	O
Operations	O
Jerry	O
Dipoto	O
announced	O
today	O
that	O
the	O
Mariners	O
have	O
acquired	O
LHP	B_player_position
Nestor	B_player_name
Cortes	I_player_name
Jr.	O
from	O
New	O
York-AL	O
in	O
exchange	O
for	O
international	O
bonus	O
pool	O
money	O
.	O
Seattle	O
's	O
40-man	O
roster	O
is	O
now	O
at	O
36	O
players	O
.	O
The	O
Washington	B_new_team
Nationals	B_new_team
agreed	O
to	O
terms	O
on	O
a	O
one-year	O
contract	O
with	O
infielder	B_player_position
Asdrubal	B_player_name
Cabrera	I_player_name
and	O
a	O
one-year	O
contract	O
with	O
a	O
mutual	O
option	O
for	O
2021	O
with	O
first	B_player_position
baseman	I_player_position
Eric	B_player_name
Thames	I_player_name
on	O
Wednesday	O
.	O
Nationals	O
President	O
of	O
Baseball	O
Operations	O
and	O
General	O
Manager	O
Mike	O
Rizzo	O
made	O
the	O
announcements	O
.	O
Cabrera	O
","	O
34	B_player_age
","	O
returns	O
to	O
Washington	O
where	O
he	O
hit	O
0.323	O
with	O
10	O
doubles	O
","	O
one	O
triple	O
","	O
six	O
home	O
runs	O
","	O
40	O
RBI	O
","	O
19	O
walks	O
and	O
24	O
runs	O
scored	O
in	O
38	O
games	O
with	O
the	O
Nationals	O
","	O
after	O
signing	O
with	O
the	O
club	O
on	O
Aug.	O
6	O
of	O
last	O
season	O
.	O
ATLANTA	O
--	O
The	O
Atlanta	B_new_team_city
Braves	B_new_team
today	O
signed	O
LHP	B_player_position
Will	B_player_name
Smith	I_player_name
to	O
a	O
three-year	O
contract	O
worth	O
$	B_contract_amount
39	I_contract_amount
million	I_contract_amount
","	O
with	O
a	O
2023	O
club	O
option	O
for	O
$	B_contract_amount
13	O
million	I_contract_amount
.	O
Smith	O
","	O
along	O
with	O
Braves	O
Executive	O
Vice	O
President	O
and	O
General	O
Manager	O
Alex	O
Anthopoulos	O
","	O
will	O
be	O
available	O
to	O
the	O
media	O
on	O
Tuesday	O
at	O
SunTrust	O
Park	O
at	O
2	O
p.m.	O
Smith	O
","	O
30	B_player_age
","	O
saved	O
34	O
games	O
for	O
the	O
Giants	O
last	O
season	O
","	O
going	O
Jun-00	O
with	O
a	O
2.76	O
ERA	O
(	O
20	O
ER/65.1	O
IP	O
)	O
in	O
63	O
games	O
.	O
The	O
6-foot-5	O
","	O
248-pound	O
native	O
of	O
Newnan	O
","	O
Ga.	O
","	O
fanned	O
96	O
batters	O
","	O
walked	O
21	O
and	O
allowed	O
opponents	O
to	O
hit	O
just	O
0.196	O
(	O
46-for-235	O
)	O
against	O
him	O
as	O
he	O
made	O
his	O
first	O
All-Star	O
team	O
.	O
He	O
limited	O
left-handed	O
hitters	O
to	O
a	O
0.157	O
(	O
11-for-70	O
)	O
average	O
and	O
two	O
extra-base	O
hits	O
all	O
season	O
.	O
The	O
Colorado	B_new_team_city
Rockies	B_new_team
announced	O
today	O
that	O
they	O
have	O
claimed	O
right-handed	O
pitcher	B_player_position
Tyler	B_player_name
Kinley	I_player_name
off	O
waivers	O
from	O
the	O
Miami	O
Marlins	O
and	O
have	O
designated	O
right-hander	O
Joe	O
Harvey	O
for	O
assignment	O
.	O
The	O
Rockies	O
have	O
a	O
full	O
40-man	O
roster	O
.	O
DETROIT	O
The	O
Detroit	B_new_team_city
Tigers	B_new_team
have	O
agreed	O
to	O
terms	O
with	O
righthanded	O
pitcher	B_player_position
Ivan	B_player_name
Nova	I_player_name
on	O
a	O
one-year	O
Major	O
League	O
contract	O
.	O
Nova	O
","	O
33	B_player_age
","	O
made	O
a	O
team-high	O
34	O
starts	O
in	O
2019	O
with	O
the	O
Chicago	O
White	O
Sox	O
","	O
posting	O
an	O
12-Nov	O
record	O
with	O
a	O
4.72	O
ERA	O
(	O
187.0IP/98ER	O
)	O
and	O
114	O
strikeouts	O
.	O
Nova	O
led	O
the	O
Majors	O
with	O
30	O
double	O
plays	O
induced	O
","	O
while	O
he	O
was	O
tied	O
for	O
the	O
American	O
League	O
lead	O
in	O
games	O
started	O
","	O
tied	O
for	O
third	O
with	O
two	O
complete	O
games	O
and	O
10th	O
with	O
187	O
innings	O
pitched	O
.	O
After	O
going	O
7-Apr	O
with	O
a	O
5.58	O
ERA	O
(	O
100.0IP/62ER	O
)	O
and	O
66	O
strikeouts	O
in	O
18	O
starts	O
prior	O
to	O
the	O
All-Star	O
break	O
","	O
Nova	O
finished	O
the	O
season	O
strong	O
","	O
compiling	O
a	O
5-Jul	O
record	O
with	O
a	O
3.72	O
ERA	O
(	O
87.0IP/36ER	O
)	O
and	O
48	O
strikeouts	O
in	O
16	O
starts	O
in	O
the	O
second	O
half	O
.	O
The	O
Washington	B_new_team_city
Nationals	B_new_team
agreed	O
to	O
terms	O
on	O
a	O
seven-year	O
contract	O
with	O
right-handed	O
pitcher	B_player_position
Stephen	B_player_name
Strasburg	I_player_name
on	O
Monday	O
.	O
Nationals	O
President	O
of	O
Baseball	O
Operations	O
and	O
General	O
Manager	O
Mike	O
Rizzo	O
made	O
the	O
announcement	O
.	O
Strasburg	O
","	O
31	B_player_age
","	O
went	O
18-6	O
with	O
a	O
3.32	O
ERA	O
and	O
struck	O
out	O
a	O
career-high	O
251	O
batters	O
in	O
33	O
starts	O
in	O
2019	O
.	O
He	O
led	O
the	O
National	O
League	O
in	O
wins	O
(	O
18	O
)	O
and	O
innings	O
pitched	O
(	O
209	O
)	O
and	O
ranked	O
among	O
National	O
League	O
pitchers	O
in	O
strikeouts	O
(	O
2nd	O
","	O
251	O
)	O
","	O
opponents	O
'	O
OPS	O
(	O
4th	O
","	O
0.62	O
)	O
","	O
opponents	O
'	O
batting	O
average	O
(	O
5th	O
","	O
0.21	O
)	O
","	O
strikeouts	O
per	O
9	O
innings	O
(	O
5th	O
","	O
10.81	O
)	O
","	O
walks	O
and	O
hits	O
per	O
innings	O
pitched	O
(	O
5th	O
","	O
1.04	O
)	O
","	O
opponents	O
'	O
slugging	O
percentage	O
(	O
6th	O
","	O
0.349	O
)	O
and	O
opponents	O
on-base	O
percentage	O
(	O
7th	O
","	O
0.271	O
)	O
.	O
MESA	O
","	O
Ariz.	O
--	O
The	O
Oakland	B_new_team_city
Athletics	B_new_team
have	O
acquired	O
RHP	B_player_position
Burch	B_player_name
Smith	I_player_name
from	O
the	O
San	O
Francisco	O
Giants	O
in	O
exchange	O
for	O
cash	O
considerations	O
.	O
To	O
make	O
room	O
on	O
the	O
40-man	O
roster	O
","	O
RHP	O
Daniel	O
Mengden	O
has	O
been	O
placed	O
on	O
the	O
60-day	O
injured	O
list	O
.	O
Smith	O
","	O
29	B_player_age
","	O
made	O
his	O
debut	O
in	O
2013	O
with	O
the	O
San	O
Diego	O
Padres	O
and	O
has	O
also	O
spent	O
time	O
with	O
the	O
Kansas	O
City	O
Royals	O
and	O
Milwaukee	O
Brewers	O
.	O
He	O
was	O
designated	O
for	O
assignment	O
by	O
San	O
Francisco	O
on	O
Feb.	O
10	O
.	O
DETROIT	O
The	O
Detroit	B_new_team_city
Tigers	B_new_team
have	O
agreed	O
to	O
terms	O
with	O
infielders	B_player_position
Jonathan	B_player_name
Schoop	I_player_name
and	O
C.J.	B_player_name
Cron	I_player_name
on	O
one-year	O
Major	O
League	O
contracts	O
.	O
Schoop	O
","	O
28	B_player_age
","	O
played	O
in	O
121	O
games	O
with	O
the	O
Minnesota	O
Twins	O
in	O
2019	O
","	O
hitting	O
.256/.304/.473	O
with	O
23	O
doubles	O
","	O
one	O
triple	O
","	O
23	O
home	O
runs	O
and	O
59	O
RBI	O
.	O
He	O
hit	O
22	O
home	O
runs	O
as	O
a	O
second	O
baseman	O
","	O
which	O
was	O
the	O
fourth-highest	O
total	O
in	O
all	O
of	O
baseball	O
","	O
while	O
he	O
ranked	O
third	O
with	O
a	O
0.478	O
slugging	O
percentage	O
.	O
The	O
1-Jun	O
","	O
225-pound	O
infielder	O
had	O
five	O
multi-homer	O
games	O
during	O
the	O
season	O
","	O
which	O
was	O
tied	O
for	O
the	O
second	O
most	O
by	O
a	O
second	O
baseman	O
in	O
baseball	O
history	O
","	O
trailing	O
only	O
Chase	O
Utley	O
","	O
who	O
had	O
seven	O
with	O
Philadelphia	O
in	O
2006	O
.	O
LOS	O
ANGELES	O
The	O
Los	B_new_team_city
Angeles	I_new_team_city
Dodgers	B_new_team
have	O
agreed	O
to	O
terms	O
with	O
left-handed	O
pitcher	B_player_position
Alex	B_player_name
Wood	I_player_name
on	O
a	O
one-year	O
contract	O
for	O
the	O
2020	O
season	O
.	O
In	O
order	O
to	O
make	O
room	O
on	O
the	O
40-man	O
roster	O
","	O
the	O
Dodgers	O
have	O
designated	O
right-handed	O
pitcher	O
Casey	O
Sadler	O
for	O
assignment	O
.	O
Wood	O
","	O
29	B_player_age
","	O
rejoins	O
the	O
Dodgers	O
after	O
spending	O
last	O
season	O
with	O
the	O
Cincinnati	O
Reds	O
.	O
SEATTLE	O
","	O
Wash.	O
Seattle	B_new_team_city
Mariners	B_new_team
Executive	O
Vice	O
President	O
&	O
General	O
Manager	O
of	O
Baseball	O
Operations	O
Jerry	O
Dipoto	O
announced	O
today	O
that	O
the	O
Mariners	O
have	O
signed	O
first	B_player_position
baseman	I_player_position
Evan	B_player_name
White	I_player_name
to	O
a	O
six-year	O
Major	O
League	O
contract	O
.	O
White	O
is	O
signed	O
through	O
2025	O
with	O
club	O
options	O
in	O
2026	O
","	O
2027	O
and	O
2028	O
.	O
Seattle	O
's	O
40-man	O
Major	O
League	O
roster	O
is	O
now	O
at	O
37	O
players	O
.	O
White	O
","	O
23	B_player_age
","	O
was	O
the	O
Mariners	O
first-round	O
selection	O
in	O
the	O
2017	O
MLB	O
Draft	O
.	O
He	O
spent	O
last	O
season	O
with	O
Double-A	O
Arkansas	O
","	O
batting	O
0.293	O
(	O
107x365	O
)	O
with	O
61	O
runs	O
scored	O
","	O
13	O
doubles	O
","	O
2	O
triples	O
","	O
18	O
home	O
runs	O
","	O
55	O
RBI	O
","	O
29	O
walks	O
","	O
2	O
stolen	O
bases	O
","	O
a	O
0.35	O
on-base	O
percentage	O
and	O
a	O
0.488	O
slugging	O
percentage	O
(	O
0.838	O
OPS	O
)	O
.	O
Among	O
Texas	O
League	O
leaders	O
","	O
he	O
ranked	O
T3rd	O
in	O
home	O
runs	O
","	O
9th	O
in	O
on-base	O
percentage	O
","	O
4th	O
in	O
slugging	O
percentage	O
","	O
6th	O
in	O
batting	O
average	O
and	O
4th	O
in	O
OPS	O
.	O
DETROIT	O
The	O
Detroit	B_new_team_city
Tigers	B_new_team
today	O
acquired	O
catcher	B_player_position
Eric	B_player_name
Haase	I_player_name
from	O
the	O
Cleveland	O
Indians	O
in	O
exchange	O
for	O
cash	O
considerations	O
.	O
Haase	O
","	O
27	B_player_age
","	O
spent	O
most	O
of	O
2019	O
with	O
Triple	O
A	O
Columbus	O
","	O
appearing	O
in	O
102	O
games	O
and	O
hitting	O
.226/.315/.517	O
with	O
12	O
doubles	O
","	O
three	O
triples	O
","	O
28	O
home	O
runs	O
and	O
60	O
RBI	O
.	O
He	O
ranked	O
tied	O
for	O
fifth	O
in	O
the	O
International	O
League	O
in	O
home	O
runs	O
","	O
while	O
he	O
was	O
10th	O
in	O
slugging	O
percentage	O
.	O
Haase	O
","	O
who	O
was	O
ranked	O
as	O
Cleveland	O
's	O
No	O
.	O
29	O
prospect	O
by	O
MLB	O
Pipeline	O
entering	O
the	O
2019	O
season	O
","	O
was	O
named	O
to	O
the	O
International	O
League	O
midseason	O
and	O
postseason	O
All-Star	O
Teams	O
and	O
was	O
named	O
an	O
Indians	O
organization	O
All-Star	O
by	O
MiLB.com	O
.	O
Defensively	O
","	O
Haase	O
threw	O
out	O
30-of-72	O
base	O
stealers	O
","	O
for	O
a	O
caught	O
stealing	O
percentage	O
of	O
41.7	O
percent	O
.	O
He	O
finished	O
the	O
year	O
tied	O
for	O
the	O
International	O
League	O
lead	O
with	O
30	O
runners	O
caught	O
stealing	O
.	O
Haase	O
also	O
saw	O
time	O
at	O
the	O
Major	O
League	O
level	O
last	O
season	O
","	O
appearing	O
in	O
10	O
games	O
with	O
Cleveland	O
.	O
GLENDALE	O
","	O
Ariz	O
.	O
The	O
Chicago	B_new_team_city
White	B_new_team
Sox	I_new_team
have	O
agreed	O
to	O
terms	O
on	O
a	O
five-year	O
","	O
$	B_contract_amount
70-million	I_contract_amount
contract	O
with	O
third	B_player_position
baseman	I_player_position
Yoan	B_player_name
Moncada	I_player_name
","	O
plus	O
one	O
club	O
option	O
that	O
could	O
extend	O
the	O
deal	O
through	O
the	O
2025	O
season	O
.	O
Under	O
terms	O
of	O
the	O
contract	O
","	O
Moncada	O
will	O
receive	O
a	O
$	B_contract_amount
4-million	I_contract_amount
signing	O
bonus	O
","	O
$	O
1	O
million	O
in	O
2020	O
","	O
$	O
6	O
million	O
in	O
2021	O
","	O
$	O
13	O
million	O
in	O
2022	O
","	O
$	O
17	O
million	O
in	O
2023	O
and	O
$	O
24	O
million	O
in	O
2024	O
.	O
The	O
White	O
Sox	O
hold	O
an	O
option	O
for	O
$	O
25	O
million	O
in	O
2025	O
","	O
with	O
a	O
$	O
5-million	O
buyout	O
.	O
FLUSHING	O
","	O
N.Y.	O
","	O
December	O
6	O
","	O
2019	O
The	O
New	B_new_team_city
York	I_new_team_city
Mets	B_new_team
today	O
announced	O
that	O
the	O
club	O
has	O
re-signed	O
RHP	B_player_position
Brad	B_player_name
Brach	I_player_name
to	O
a	O
one-year	O
contract	O
with	O
a	O
player	O
option	O
for	O
2021	O
.	O
To	O
make	O
room	O
on	O
the	O
40-man	O
roster	O
","	O
the	O
Mets	O
designated	O
RHP	O
Chris	O
Flexen	O
for	O
assignment	O
.	O
Brach	O
","	O
33	B_player_age
","	O
a	O
former	O
All-Star	O
","	O
posted	O
a	O
3.68	O
ERA	O
in	O
16	O
games	O
with	O
New	O
York	O
after	O
he	O
signed	O
as	O
a	O
free	O
agent	O
on	O
August	O
8	O
.	O
He	O
held	O
righties	O
to	O
a	O
0.194	O
(	O
Jul-36	O
)	O
batting	O
average	O
","	O
had	O
15	O
strikeouts	O
and	O
three	O
walks	O
in	O
14.2	O
innings	O
with	O
the	O
Mets	O
.	O
Brach	O
also	O
appeared	O
in	O
42	O
games	O
with	O
the	O
Cubs	O
and	O
had	O
45	O
strikeouts	O
in	O
39.2	O
innings	O
last	O
year	O
.	O
BOSTON	O
","	O
MA	O
The	O
Boston	B_new_team_city
Red	B_new_team
Sox	I_new_team
today	O
acquired	O
minor	O
league	O
catcher	B_player_position
Jhonny	B_player_name
Pereda	I_player_name
from	O
the	O
Chicago	O
Cubs	O
","	O
completing	O
the	O
January	O
21	O
trade	O
for	O
right-handed	O
pitcher	O
Travis	O
Lakins	O
.	O
Chief	O
Baseball	O
Officer	O
Chaim	O
Bloom	O
made	O
the	O
announcement	O
.	O
Pereda	O
","	O
23	B_player_age
","	O
spent	O
the	O
entire	O
2019	O
season	O
with	O
Double-A	O
Tennessee	O
","	O
batting	O
0.241	O
(	O
83-for-344	O
)	O
with	O
two	O
home	O
runs	O
and	O
39	O
RBI	O
in	O
98	O
games	O
.	O
The	O
Venezuela	O
native	O
received	O
the	O
2019	O
Minor	O
League	O
Rawlings	O
Gold	O
Glove	O
Award	O
for	O
catcher	O
after	O
throwing	O
out	O
more	O
runners	O
than	O
any	O
other	O
player	O
at	O
the	O
Double-	O
or	O
Triple-A	O
level	O
","	O
as	O
he	O
caught	O
44	O
of	O
132	O
(	O
33.3	O
%	O
)	O
attempted	O
base	O
stealers	O
in	O
85	O
games	O
behind	O
the	O
plate	O
.	O
Signed	O
by	O
Chicago	O
as	O
an	O
international	O
free	O
agent	O
in	O
2013	O
","	O
Pereda	O
has	O
hit	O
0.248	O
(	O
"413-for-1,668"	O
)	O
with	O
15	O
home	O
runs	O
in	O
seven	O
minor	O
league	O
seasons	O
while	O
playing	O
332	O
games	O
at	O
catcher	O
.	O
A	O
right-handed	O
hitter	O
","	O
he	O
has	O
also	O
made	O
69	O
starts	O
at	O
first	O
base	O
and	O
two	O
at	O
third	O
base	O
.	O
The	O
Detroit	B_new_team_city
Tigers	B_new_team
today	O
announced	O
that	O
they	O
have	O
acquired	O
LHP	B_player_position
Joey	B_player_name
Wentz	I_player_name
and	O
OF	B_player_position
Travis	B_player_name
Demeritte	I_player_name
from	O
the	O
Atlanta	O
Braves	O
in	O
exchange	O
for	O
RHP	O
Shane	O
Greene	O
.	O
Wentz	O
","	O
who	O
is	O
21-years	O
old	O
and	O
stands	O
5-Jun	O
","	O
210-pounds	O
","	O
is	O
rated	O
as	O
the	O
seventh-best	O
prospect	O
in	O
the	O
Braves	O
organization	O
","	O
according	O
to	O
MLB	O
Pipeline	O
.	O
In	O
20	O
starts	O
this	O
season	O
with	O
Double	O
A	O
Mississippi	O
","	O
Wentz	O
has	O
posted	O
a	O
8-May	O
record	O
with	O
a	O
4.72	O
ERA	O
(	O
103.0IP/54ER	O
)	O
and	O
100	O
strikeouts	O
.	O
He	O
currently	O
ranks	O
eighth	O
in	O
the	O
Southern	O
League	O
in	O
strikeouts	O
","	O
while	O
he	O
is	O
10th	O
in	O
innings	O
pitched	O
.	O
Wentz	O
","	O
who	O
was	O
named	O
the	O
Most	O
Outstanding	O
Pitcher	O
in	O
the	O
South	O
Atlantic	O
League	O
in	O
2017	O
","	O
has	O
started	O
74	O
games	O
in	O
his	O
professional	O
career	O
","	O
compiling	O
a	O
17-19	O
record	O
with	O
a	O
3.31	O
ERA	O
(	O
345.2IP/127ER	O
)	O
and	O
358	O
strikeouts	O
.	O
Wentz	O
was	O
selected	O
in	O
the	O
Competitive	O
Balance	O
Round	O
A	O
of	O
the	O
2016	O
draft	O
out	O
of	O
Shawnee	O
Mission	O
East	O
High	O
School	O
(	O
KS	O
)	O
.	O
DETROIT	O
The	O
Detroit	B_new_team_city
Tigers	B_new_team
today	O
selected	O
righthanded	O
pitcher	B_player_position
Rony	B_player_name
Garcia	I_player_name
from	O
the	O
New	O
York	O
Yankees	O
with	O
the	O
No	O
.	O
1	O
pick	O
of	O
the	O
Major	O
League	O
phase	O
of	O
the	O
Rule	O
5	O
Draft	O
.	O
Garcia	O
","	O
21	B_player_age
","	O
split	O
the	O
2019	O
season	O
between	O
Single	O
A	O
Tampa	O
and	O
Double	O
A	O
Trenton	O
","	O
posting	O
a	O
4.01	O
ERA	O
(	O
130.1IP/58ER	O
)	O
and	O
129	O
strikeouts	O
in	O
25	O
appearances	O
","	O
including	O
24	O
starts	O
.	O
The	O
3-Jun	O
","	O
200-pound	O
","	O
righty	O
posted	O
a	O
1.23	O
WHIP	O
and	O
limited	O
opponents	O
to	O
a	O
0.234	O
batting	O
average	O
.	O
His	O
104	O
strikeouts	O
and	O
105.1	O
innings	O
pitched	O
with	O
Trenton	O
were	O
both	O
team-best	O
marks	O
","	O
while	O
his	O
20	O
starts	O
were	O
tied	O
for	O
the	O
club	O
lead	O
.	O
SAN	O
DIEGO	O
The	O
San	B_new_team_city
Diego	I_new_team_city
Padres	B_new_team
have	O
signed	O
right-handed	O
pitcher	B_player_position
Pierce	B_player_name
Johnson	I_player_name
to	O
a	O
two-year	O
contract	O
through	O
the	O
2021	O
season	O
with	O
a	O
club	O
option	O
for	O
2022	O
","	O
Executive	O
Vice	O
President/General	O
Manager	O
A.J	O
.	O
Preller	O
announced	O
today	O
.	O
Johnson	O
","	O
28	B_player_age
","	O
spent	O
the	O
2019	O
season	O
with	O
the	O
Hanshin	O
Tigers	O
of	O
Nippon	O
Professional	O
Baseball	O
in	O
Japan	O
","	O
serving	O
as	O
their	O
primary	O
setup	O
man	O
and	O
posting	O
the	O
second-most	O
holds	O
(	O
40	O
)	O
in	O
the	O
Central	O
League	O
.	O
The	O
right-hander	O
went	O
3-Feb	O
with	O
a	O
1.38	O
ERA	O
(	O
9	O
ER	O
","	O
58.2	O
IP	O
)	O
","	O
91	O
strikeouts	O
against	O
13	O
walks	O
and	O
allowed	O
just	O
two	O
home	O
runs	O
across	O
his	O
58	O
appearances	O
.	O
KANSAS	O
CITY	O
","	O
MO	O
(	O
February	O
26	O
","	O
2020	O
)	O
The	O
Kansas	B_new_team_city
City	I_new_team_city
Royals	B_new_team
announced	O
today	O
that	O
the	O
club	O
has	O
agreed	O
to	O
terms	O
on	O
2020	O
Major	O
League	O
contracts	O
with	O
pitchers	B_player_position
Chance	B_player_name
Adams	I_player_name
","	O
Foster	B_player_name
Griffin	I_player_name
","	O
Jorge	B_player_name
Lopez	I_player_name
","	O
Randy	B_player_name
Rosario	I_player_name
","	O
Eric	B_player_name
Skoglund	I_player_name
and	O
Josh	B_player_name
Staumont	I_player_name
;	O
infielder	B_player_position
Ryan	B_player_name
O'Hearn	I_player_name
and	O
outfielder	B_player_position
Brett	B_player_name
Phillips	I_player_name
.	O
Consistent	O
with	O
club	O
policy	O
","	O
terms	O
of	O
the	O
contracts	O
were	O
not	O
disclosed	O
.	O
All	O
40	O
players	O
on	O
the	O
Major	O
League	O
Reserve	O
List	O
have	O
agreed	O
to	O
terms	O
for	O
the	O
2020	O
season	O
.	O
The	O
Atlanta	B_new_team_city
Braves	B_new_team
today	O
acquired	O
C	B_player_position
John	B_player_name
Ryan	I_player_name
Murphy	I_player_name
from	O
the	O
Arizona	O
Diamondbacks	O
in	O
exchange	O
for	O
cash	O
considerations	O
.	O
Murphy	O
","	O
28	B_player_age
","	O
is	O
batting	O
.177/.250/.419	O
in	O
25	O
games	O
for	O
Arizona	O
this	O
season	O
","	O
with	O
four	O
home	O
runs	O
and	O
seven	O
RBI	O
over	O
62	O
at-bats	O
.	O
He	O
has	O
thrown	O
out	O
1-of-4	O
would-be	O
basestealers	O
and	O
picked	O
off	O
one	O
runner	O
in	O
151	O
innings	O
behind	O
the	O
plate	O
.	O
SAN	O
FRANCISCO	O
","	O
Calif	O
.	O
The	O
San	B_new_team_city
Francisco	I_new_team_city
Giants	B_new_team
announced	O
today	O
that	O
they	O
have	O
signed	O
outfielder	B_player_position
Hunter	B_player_name
Pence	I_player_name
to	O
a	O
one-year	O
$	B_contract_amount
"3,000,000"	I_contract_amount
contract	O
for	O
the	O
2020	O
season	O
.	O
Pence	O
can	O
earn	O
an	O
additional	O
$	O
"250,000"	O
if	O
he	O
's	O
on	O
the	O
Club	O
's	O
Major	O
League	O
26-man	O
active	O
roster	O
on	O
Opening	O
Day	O
.	O
He	O
can	O
also	O
earn	O
up	O
to	O
$	O
"1,000,000"	O
in	O
active	O
roster	O
bonuses	O
:	O
$	O
"200,000"	O
if	O
he	O
's	O
on	O
the	O
active	O
roster	O
for	O
90	O
and	O
105	O
days	O
","	O
and	O
$	O
"300,000"	O
for	O
120	O
and	O
135	O
days	O
.	O
The	O
Atlanta	B_new_team_city
Braves	B_new_team
today	O
announced	O
the	O
club	O
acquired	O
RHP	B_player_position
Shane	B_player_name
Greene	I_player_name
from	O
the	O
Detroit	O
Tigers	O
in	O
exchange	O
for	O
LHP	O
Joey	O
Wentz	O
and	O
OF	O
Travis	O
Demeritte	O
.	O
Greene	O
","	O
30	B_player_age
","	O
had	O
22	O
saves	O
and	O
a	O
1.18	O
ERA	O
(	O
5	O
ER/38.0	O
IP	O
)	O
with	O
43	O
strikeouts	O
and	O
12	O
walks	O
in	O
38	O
games	O
out	O
of	O
the	O
bullpen	O
for	O
Detroit	O
this	O
season	O
","	O
his	O
fifth	O
with	O
the	O
Tigers	O
after	O
they	O
acquired	O
him	O
from	O
the	O
New	O
York	O
Yankees	O
as	O
part	O
of	O
a	O
three-team	O
trade	O
with	O
Arizona	O
in	O
December	O
of	O
2014	O
.	O
GLENDALE	O
","	O
Ariz	O
.	O
The	O
Chicago	B_new_team_city
White	B_new_team
Sox	I_new_team
have	O
agreed	O
to	O
terms	O
on	O
a	O
one-year	O
","	O
$	B_contract_amount
3.5-million	I_contract_amount
contract	O
with	O
infielder	B_player_position
Leury	B_player_name
Garcia	I_player_name
","	O
which	O
includes	O
a	O
club	O
option	O
for	O
2021	O
.	O
Under	O
terms	O
of	O
the	O
agreement	O
","	O
Garcia	O
will	O
receive	O
$	B_contract_amount
3.25	I_contract_amount
million	I_contract_amount
in	O
2020	O
","	O
while	O
the	O
White	O
Sox	O
hold	O
a	O
$	O
3.5-million	O
option	O
for	O
2021	O
with	O
a	O
$	O
"250,000"	O
buyout	O
.	O
Garcia	O
","	O
29	B_player_age
","	O
previously	O
had	O
agreed	O
to	O
terms	O
on	O
a	O
one-year	O
","	O
$	O
3.25-million	O
contract	O
on	O
January	O
10	O
to	O
avoid	O
arbitration	O
.	O
The	O
Pittsburgh	B_new_team_city
Pirates	B_new_team
today	O
acquired	O
infielder	B_player_position
Liover	B_player_name
Peguero	I_player_name
and	O
right-handed	O
pitcher	B_player_position
Brennan	B_player_name
Malone	I_player_name
from	O
the	O
Arizona	O
Diamondbacks	O
in	O
exchange	O
for	O
outfielder	O
Starling	O
Marte	O
and	O
cash	O
considerations	O
.	O
The	O
Pirates	B_new_team
will	O
also	O
receive	O
an	O
additional	O
capacity	O
in	O
its	O
2019-2020	O
International	O
Signing	O
Bonus	O
Pool	O
","	O
allowing	O
them	O
to	O
spend	O
an	O
additional	O
$	O
"250,000"	O
in	O
this	O
year	O
's	O
International	O
Signing	O
Period	O
.	O
The	O
announcement	O
was	O
made	O
by	O
Pirates	O
General	O
Manager	O
Ben	O
Cherington	O
.	O
The	O
19-year-old	O
Peguero	O
entered	O
today	O
ranked	O
as	O
Arizona	O
's	O
fifth-best	O
prospect	O
according	O
to	O
FanGraphs	O
(	O
No	O
.	O
7	O
by	O
Baseball	O
America	O
)	O
in	O
a	O
deep	O
Diamondbacks	O
minor	O
league	O
system	O
.	O
During	O
his	O
second	O
professional	O
season	O
in	O
2019	O
","	O
the	O
right-handed	O
hitting	O
Peguero	O
hit	O
a	O
combined	O
0.326	O
(	O
74-for-227	O
)	O
with	O
11	O
doubles	O
","	O
five	O
triples	O
","	O
five	O
home	O
runs	O
","	O
38	O
RBI	O
and	O
an	O
0.866	O
OPS	O
in	O
60	O
games	O
with	O
Hillsboro	O
and	O
Missoula	O
.	O
Los	B_new_team_city
Angeles	I_new_team_city
--	O
The	O
Los	O
Angeles	O
Dodgers	B_new_team
have	O
agreed	O
to	O
a	O
two-year	O
contract	O
extension	O
with	O
infielder/outfielder	B_player_position
Chris	B_player_name
Taylor	I_player_name
","	O
avoiding	O
arbitration	O
.	O
Taylor	O
","	O
29	B_player_age
","	O
played	O
in	O
124	O
games	O
last	O
season	O
with	O
the	O
Dodgers	O
","	O
hitting	O
0.262	O
(	O
96-for-366	O
)	O
with	O
12	O
homers	O
and	O
52	O
RBI	O
.	O
He	O
has	O
spent	O
parts	O
of	O
four	O
seasons	O
with	O
Los	O
Angeles	O
","	O
slashing	O
.266/.337/.463	O
while	O
amassing	O
51	O
homers	O
and	O
194	O
RBI	O
over	O
453	O
games	O
.	O
LOS	O
ANGELES	O
The	O
Los	B_new_team_city
Angeles	I_new_team_city
Dodgers	B_new_team
have	O
agreed	O
to	O
terms	O
with	O
infielder	B_player_position
Max	B_player_name
Muncy	I_player_name
on	O
a	O
three-year	O
contract	O
extension	O
with	O
a	O
club	O
option	O
for	O
2023	O
","	O
avoiding	O
arbitration	O
.	O
Muncy	O
","	O
29	B_player_age
","	O
finished	O
his	O
second	O
season	O
with	O
the	O
Dodgers	B_new_team
","	O
hitting	O
0.251	O
(	O
122-for-487	O
)	O
with	O
35	O
homers	O
and	O
98	O
RBI	O
in	O
142	O
games	O
and	O
earning	O
his	O
first	O
All-Star	O
Game	O
appearance	O
.	O
Last	O
season	O
","	O
the	O
Texas	O
native	O
set	O
career-highs	O
in	O
runs	O
(	O
101	O
)	O
","	O
doubles	O
(	O
22	O
)	O
","	O
homers	O
","	O
RBI	O
and	O
walks	O
(	O
90	O
)	O
.	O
The	O
Washington	B_new_team_city
Nationals	B_new_team
agreed	O
to	O
terms	O
on	O
a	O
one-year	O
contract	O
with	O
first	B_player_position
baseman	I_player_position
Ryan	B_player_name
Zimmerman	I_player_name
on	O
Tuesday	O
.	O
Nationals	O
President	O
of	O
Baseball	O
Operations	O
and	O
General	O
Manager	O
Mike	O
Rizzo	O
made	O
the	O
announcement	O
.	O
Zimmerman	O
","	O
35	B_player_age
","	O
returns	O
to	O
Washington	O
after	O
hitting	O
0.257	O
with	O
nine	O
doubles	O
","	O
six	O
homers	O
","	O
27	O
RBI	O
","	O
17	O
walks	O
and	O
20	O
runs	O
scored	O
in	O
52	O
games	O
for	O
the	O
Nationals	O
in	O
2019	O
.	O
He	O
battled	O
plantar	O
fasciitis	O
in	O
his	O
right	O
foot	O
","	O
leading	O
to	O
two	O
stints	O
on	O
the	O
Injured	O
List	O
.	O
The	O
Pittsburgh	B_new_team_city
Pirates	B_new_team
today	O
announced	O
they	O
have	O
signed	O
free	O
agent	O
infielder	B_player_position
JT	B_player_name
Riddle	I_player_name
.	O
The	O
announcement	O
was	O
made	O
by	O
General	O
Manager	O
Ben	O
Cherington	O
.	O
The	O
28-year-old	O
Riddle	O
has	O
spent	O
his	O
entire	O
professional	O
career	O
in	O
the	O
Miami	O
organization	O
after	O
being	O
selected	O
by	O
the	O
Marlins	O
in	O
the	O
13th	O
round	O
of	O
the	O
2013	O
First-Year	O
Player	O
Draft	O
.	O
BOSTON	O
","	O
MA	O
The	O
Boston	B_new_team_city
Red	B_new_team
Sox	I_new_team
today	O
signed	O
outfielder	B_player_position
Kevin	B_player_name
Pillar	I_player_name
to	O
a	O
one-year	O
contract	O
for	O
the	O
2020	O
season	O
.	O
Red	O
Sox	O
Chief	O
Baseball	O
Officer	O
Chaim	O
Bloom	O
made	O
the	O
announcement	O
.	O
The	O
Red	O
Sox	O
40-man	O
roster	O
is	O
now	O
at	O
40	O
.	O
Pillar	O
","	O
31	B_player_age
","	O
hit	O
0.259	O
(	O
158-for-611	O
)	O
with	O
14	O
stolen	O
bases	O
last	O
season	O
and	O
set	O
career	O
highs	O
in	O
home	O
runs	O
(	O
21	O
)	O
","	O
RBI	O
(	O
88	O
)	O
","	O
slugging	O
percentage	O
(	O
0.432	O
)	O
","	O
OPS	O
(	O
0.719	O
)	O
","	O
and	O
triples	O
(	O
3	O
)	O
in	O
161	O
games	O
for	O
the	O
Toronto	O
Blue	O
Jays	O
and	O
San	O
Francisco	O
Giants	O
.	O
A	O
right-handed	O
hitter	O
","	O
he	O
batted	O
0.278	O
(	O
45-for-162	O
)	O
and	O
slugged	O
0.519	O
against	O
left-handed	O
pitchers	O
in	O
2019	O
","	O
hitting	O
nine	O
home	O
runs	O
with	O
only	O
15	O
strikeouts	O
.	O
The	O
three-time	O
Gold	O
Glove	O
Award	O
finalist	O
(	O
2015-17	O
)	O
appeared	O
in	O
133	O
games	O
in	O
center	O
field	O
and	O
27	O
in	O
right	O
field	O
","	O
recording	O
six	O
assists	O
and	O
two	O
double	O
plays	O
.	O
LOS	O
ANGELES	O
The	O
Los	B_new_team_city
Angeles	I_new_team_city
Dodgers	B_new_team
acquired	O
outfielder	B_player_position
Mookie	B_player_name
Betts	I_player_name
","	O
the	O
2018	O
American	O
League	O
Most	O
Valuable	O
Player	O
","	O
and	O
left-handed	O
pitcher	B_player_position
David	B_player_name
Price	I_player_name
","	O
the	O
2012	O
American	O
League	O
Cy	O
Young	O
Award	O
winner	O
","	O
and	O
cash	O
considerations	O
from	O
the	O
Boston	O
Red	O
Sox	O
in	O
exchange	O
for	O
outfielder	O
Alex	O
Verdugo	O
","	O
minor	O
league	O
infielder	O
Jeter	O
Downs	O
and	O
minor	O
league	O
catcher	O
Connor	O
Wong	O
.	O
Betts	O
","	O
27	B_player_age
","	O
joins	O
the	O
Dodgers	O
after	O
spending	O
the	O
last	O
six	O
seasons	O
with	O
Boston	O
.	O
In	O
794	O
games	O
with	O
Boston	O
","	O
he	O
hit	O
a	O
combined	O
0.301	O
(	O
965-for-3203	O
)	O
with	O
139	O
homers	O
and	O
470	O
RBI	O
","	O
while	O
being	O
named	O
an	O
All-Star	O
four	O
straight	O
years	O
(	O
2016-19	O
)	O
and	O
winning	O
four	O
Gold	O
Glove	O
Awards	O
(	O
2016-19	O
)	O
","	O
three	O
Silver	O
Slugger	O
Awards	O
(	O
16	O
","	O
18-19	O
)	O
and	O
the	O
2018	O
Most	O
Valuable	O
Player	O
Award	O
.	O
SEATTLE	O
","	O
Wash.	O
Seattle	B_new_team_city
Mariners	B_new_team
Executive	O
Vice	O
President	O
&	O
General	O
Manager	O
of	O
Baseball	O
Operations	O
Jerry	O
Dipoto	O
announced	O
today	O
that	O
the	O
club	O
has	O
signed	O
free	O
agent	O
right-handed	O
pitcher	B_player_position
Carl	B_player_name
Edwards	I_player_name
Jr.	O
Seattle	O
's	O
40-man	O
roster	O
is	O
now	O
at	O
39	O
players	O
.	O
Per	O
club	O
policy	O
","	O
the	O
terms	O
of	O
the	O
contract	O
were	O
not	O
disclosed	O
.	O
LOS	O
ANGELES	O
The	O
Los	B_new_team_city
Angeles	I_new_team_city
Dodgers	B_new_team
have	O
acquired	O
infielder	B_player_position
Clayton	B_player_name
Daniel	I_player_name
from	O
the	O
Chicago	O
Cubs	O
in	O
exchange	O
for	O
right-handed	O
pitcher	O
Casey	O
Sadler	O
.	O
Daniel	O
","	O
24	B_player_age
","	O
has	O
been	O
with	O
the	O
Cubs	O
'	O
organization	O
for	O
two	O
seasons	O
","	O
batting	O
a	O
combined	O
0.29	O
(	O
127-for-438	O
)	O
with	O
72	O
runs	O
scored	O
and	O
36	O
RBI	O
across	O
four	O
different	O
minor	O
league	O
levels	O
.	O
Last	O
season	O
","	O
the	O
Alabama	O
native	O
split	O
his	O
time	O
between	O
Low-A	O
South	O
Bend	O
and	O
Double-A	O
Tennessee	O
","	O
hitting	O
a	O
combined	O
0.305	O
(	O
73-for-239	O
)	O
with	O
11	O
doubles	O
","	O
two	O
homers	O
and	O
21	O
RBI	O
.	O
He	O
was	O
originally	O
drafted	O
in	O
the	O
31st	O
round	O
of	O
the	O
2018	O
First	O
Year	O
Player	O
Draft	O
out	O
of	O
Jacksonville	O
State	O
University	O
.	O
SCOTTSDALE	O
","	O
Ariz	O
.	O
The	O
San	B_new_team_city
Francisco	I_new_team_city
Giants	B_new_team
announced	O
today	O
that	O
they	O
have	O
signed	O
infielder	B_player_position
Wilmer	B_player_name
Flores	I_player_name
to	O
a	O
two-year	O
contract	O
worth	O
$	B_contract_amount
6.25	I_contract_amount
million	I_contract_amount
.	O
Flores	O
will	O
make	O
$	O
3	O
million	O
in	O
both	O
2020	O
and	O
2021	O
.	O
The	O
contract	O
also	O
includes	O
a	O
club	O
option	O
for	O
the	O
2022	O
season	O
that	O
would	O
pay	O
Flores	O
$	O
3.5	O
million	O
.	O
If	O
the	O
club	O
does	O
not	O
exercise	O
the	O
option	O
","	O
Flores	O
would	O
be	O
entitled	O
to	O
a	O
$	O
"250,000"	O
buyout	O
.	O
LOS	O
ANGELES	O
The	O
Los	B_new_team_city
Angeles	I_new_team_city
Dodgers	B_new_team
have	O
acquired	O
right-handed	O
pitcher	B_player_position
Brusdar	B_player_name
Graterol	I_player_name
","	O
minor	O
league	O
outfielder	B_player_position
Luke	B_player_name
Raley	I_player_name
and	O
the	O
67th	O
pick	O
in	O
the	O
2020	O
First	O
Year	O
Player	O
draft	O
from	O
the	O
Minnesota	O
Twins	O
in	O
exchange	O
for	O
right-handed	O
pitcher	O
Kenta	O
Maeda	O
","	O
minor	O
league	O
catcher	O
Jair	O
Camargo	O
and	O
cash	O
considerations	O
.	O
Graterol	O
","	O
21	B_player_age
","	O
joins	O
the	O
Dodgers	O
after	O
spending	O
five	O
years	O
in	O
the	O
Twins	O
'	O
organization	O
.	O
The	O
right-hander	O
went	O
a	O
combined	O
19-6	O
with	O
a	O
2.48	O
ERA	O
(	O
59	O
ER/214.0	O
IP	O
)	O
in	O
51	O
minor	O
league	O
games	O
(	O
41	O
starts	O
)	O
for	O
the	O
Twins	O
.	O
ST.	O
LOUIS	O
","	O
Mo.	O
","	O
February	O
6	O
","	O
2020	O
The	O
St.	B_new_team_city
Louis	I_new_team_city
Cardinals	B_new_team
announced	O
today	O
that	O
they	O
have	O
acquired	O
left-handed	O
pitcher	B_player_position
Ricardo	B_player_name
Sanchez	I_player_name
from	O
the	O
Seattle	O
Mariners	O
on	O
a	O
waiver	O
claim	O
.	O
In	O
a	O
corresponding	O
move	O
","	O
the	O
Cardinals	O
also	O
announced	O
that	O
they	O
have	O
designated	O
infielder	O
Ramon	O
Urias	O
for	O
assignment	O
.	O
Sanchez	O
","	O
22	B_player_age
","	O
made	O
a	O
career-high	O
27	O
starts	O
for	O
the	O
Arkansas	O
Travelers	O
in	O
2019	O
","	O
going	O
12-Aug	O
with	O
a	O
4.44	O
ERA	O
","	O
earning	O
a	O
Texas	O
League	O
(	O
AA	O
)	O
All-Star	O
selection	O
.	O
PHOENIX	O
-	O
The	O
Milwaukee	B_new_team_city
Brewers	B_new_team
have	O
signed	O
infielder/outfielder	B_player_position
Brock	B_player_name
Holt	I_player_name
to	O
a	O
one-year	O
contract	O
with	O
a	O
club	O
option	O
for	O
2021	O
.	O
To	O
make	O
room	O
on	O
the	O
40-man	O
roster	O
","	O
right-handed	O
pitcher	O
Taylor	O
Williams	O
was	O
designated	O
for	O
assignment	O
.	O
The	O
announcement	O
was	O
made	O
by	O
President	O
of	O
Baseball	O
Operations	O
and	O
General	O
Manager	O
David	O
Stearns	O
.	O
An	O
updated	O
Spring	O
Training	O
roster	O
can	O
be	O
found	O
here	O
.	O
Holt	O
","	O
31	B_player_age
","	O
is	O
a	O
career	O
0.271	O
hitter	O
with	O
23	O
HR	O
and	O
206	O
RBI	O
in	O
639	O
games	O
between	O
Pittsburgh	O
(	O
2012	O
)	O
and	O
Boston	O
(	O
2013-19	O
)	O
.	O
He	O
batted	O
a	O
career-high	O
0.297	O
with	O
3	O
HR	O
and	O
31	O
RBI	O
in	O
87	O
games	O
last	O
season	O
.	O
Holt	O
has	O
appeared	O
in	O
12	O
career	O
postseason	O
games	O
(	O
2016-18	O
)	O
","	O
batting	O
0.297	O
(	O
11-for-37	O
)	O
with	O
2	O
HR	O
and	O
7	O
RBI	O
.	O
He	O
was	O
a	O
member	O
of	O
the	O
2018	O
World	O
Series-champion	O
Red	O
Sox	O
.	O
JUPITER	O
","	O
Fla.	O
","	O
--	O
The	O
St.	B_new_team_city
Louis	I_new_team_city
Cardinals	B_new_team
announced	O
today	O
that	O
they	O
have	O
agreed	O
to	O
terms	O
with	O
free-agent	O
infielder	B_player_position
Brad	B_player_name
Miller	I_player_name
on	O
a	O
one-year	O
contract	O
for	O
the	O
2020	O
season	O
.	O
Financial	O
terms	O
were	O
not	O
disclosed	O
.	O
The	O
team	O
also	O
announced	O
that	O
right-handed	O
pitcher	O
Jordan	O
Hicks	O
has	O
been	O
placed	O
on	O
the	O
60-day	O
Injured	O
List	O
(	O
right	O
elbow	O
)	O
to	O
make	O
room	O
for	O
Miller	O
's	O
addition	O
to	O
the	O
Cardinals	O
'	O
40-man	O
Major	O
League	O
roster	O
.	O
Miller	O
","	O
30	B_player_age
","	O
has	O
played	O
six-plus	O
seasons	O
in	O
the	O
majors	O
with	O
Seattle	O
(	O
2013-15	O
)	O
","	O
Tampa	O
Bay	O
(	O
2016-18	O
)	O
","	O
Milwaukee	O
(	O
2018	O
)	O
","	O
Cleveland	O
(	O
2019	O
)	O
and	O
Philadelphia	O
(	O
2019	O
)	O
","	O
batting	O
0.241	O
with	O
88	O
HR	O
'	O
&	O
293	O
RBI	O
in	O
759	O
career	O
games	O
.	O
SEATTLE	O
","	O
Wash.	O
Seattle	B_new_team_city
Mariners	B_new_team
Executive	O
Vice	O
President	O
&	O
General	O
Manager	O
of	O
Baseball	O
Operations	O
Jerry	O
Dipoto	O
announced	O
today	O
that	O
the	O
Mariners	O
have	O
signed	O
free	O
agent	O
infielder	B_player_position
Patrick	B_player_name
Wisdom	I_player_name
to	O
a	O
one-year	O
contract	O
.	O
Per	O
club	O
policy	O
","	O
the	O
terms	O
of	O
the	O
contract	O
were	O
not	O
disclosed	O
.	O
Seattle	O
's	O
40-man	O
roster	O
is	O
now	O
at	O
39	O
players	O
.	O
Wisdom	O
","	O
28	B_player_age
","	O
spent	O
the	O
majority	O
of	O
last	O
season	O
with	O
Triple-A	O
Nashville	O
in	O
the	O
Rangers	O
organization	O
","	O
where	O
he	O
hit	O
31	O
home	O
runs	O
and	O
74	O
RBI	O
in	O
107	O
games	O
with	O
a	O
0.24	O
(	O
95x396	O
)	O
batting	O
average	O
.	O
BOSTON	O
","	O
MA	O
The	O
Boston	B_new_team_city
Red	B_new_team
Sox	I_new_team
today	O
claimed	O
right-handed	O
pitcher	B_player_position
Phillips	B_player_name
Valdez	I_player_name
off	O
waivers	O
from	O
the	O
Seattle	O
Mariners	O
.	O
To	O
make	O
room	O
on	O
the	O
40-man	O
roster	O
","	O
the	O
Red	O
Sox	O
placed	O
second	O
baseman	O
Dustin	O
Pedroia	O
on	O
the	O
60-day	O
injured	O
list	O
.	O
Chief	O
Baseball	O
Officer	O
Chaim	O
Bloom	O
made	O
the	O
announcement	O
.	O
Valdez	O
","	O
28	B_player_age
","	O
saw	O
the	O
first	O
action	O
of	O
his	O
major	O
league	O
career	O
with	O
the	O
Texas	O
Rangers	O
last	O
season	O
and	O
posted	O
a	O
3.94	O
ERA	O
(	O
7	O
ER/16.0	O
IP	O
)	O
with	O
nine	O
walks	O
and	O
18	O
strikeouts	O
over	O
11	O
appearances	O
","	O
all	O
in	O
relief	O
.	O
PHOENIX	O
--	O
The	O
Milwaukee	B_new_team_city
Brewers	B_new_team
have	O
signed	O
outfielder	B_player_position
Christian	B_player_name
Yelich	I_player_name
to	O
a	O
nine-year	O
contract	O
through	O
the	O
2028	O
season	O
with	O
a	O
mutual	O
option	O
for	O
2029	O
.	O
Yelich	O
had	O
previously	O
been	O
signed	O
through	O
the	O
2021	O
season	O
with	O
a	O
club	O
option	O
for	O
2022	O
.	O
The	O
announcement	O
was	O
made	O
by	O
President	O
of	O
Baseball	O
Operations	O
and	O
General	O
Manager	O
David	O
Stearns	O
.	O
Yelich	O
","	O
28	B_player_age
","	O
is	O
a	O
career	O
.301/.383/.492	O
hitter	O
with	O
139	O
HR	O
","	O
500	O
RBI	O
and	O
124	O
stolen	O
bases	O
in	O
920	O
games	O
with	O
Miami	O
(	O
2013-17	O
)	O
and	O
Milwaukee	O
(	O
2018-19	O
)	O
.	O
As	O
a	O
Brewer	O
","	O
he	O
is	O
a	O
career	O
.327/.415/.631	O
hitter	O
with	O
80	O
HR	O
","	O
207	O
RBI	O
and	O
52	O
stolen	O
bases	O
in	O
277	O
games	O
","	O
leading	O
the	O
team	O
to	O
the	O
postseason	O
in	O
both	O
years	O
with	O
the	O
organization	O
.	O
CHICAGO	O
The	O
Chicago	B_new_team_city
Cubs	B_new_team
and	O
right-handed	O
pitcher	B_player_position
Jeremy	B_player_name
Jeffress	I_player_name
have	O
agreed	O
to	O
terms	O
on	O
a	O
2020	O
contract	O
.	O
Terms	O
of	O
the	O
deal	O
were	O
not	O
disclosed	O
.	O
Chicago	O
's	O
40-man	O
roster	O
now	O
stands	O
at	O
40	O
players	O
.	O
Jeffress	O
","	O
32	B_player_age
","	O
is	O
a	O
career	O
28-11	O
with	O
44	O
saves	O
","	O
74	O
holds	O
and	O
a	O
3.16	O
ERA	O
(	O
141	O
ER/401.0	O
IP	O
)	O
in	O
392	O
major	O
league	O
appearances	O
","	O
all	O
but	O
one	O
in	O
relief	O
","	O
covering	O
all	O
or	O
part	O
of	O
10	O
major	O
league	O
seasons	O
with	O
Milwaukee	O
(	O
2010	O
","	O
2014-16	O
","	O
2017-19	O
)	O
","	O
Kansas	O
City	O
(	O
2011-12	O
)	O
","	O
Toronto	O
(	O
2013-14	O
)	O
and	O
Texas	O
(	O
2016-17	O
)	O
.	O
LOS	O
ANGELES	O
The	O
Los	B_player_age
Angeles	I_player_age
Dodgers	B_new_team
have	O
agreed	O
to	O
terms	O
with	O
right-handed	O
pitcher	B_player_position
Jimmy	B_player_name
Nelson	I_player_name
on	O
a	O
one-year	O
contract	O
.	O
Nelson	O
","	O
30	B_player_age
","	O
joins	O
the	O
Dodgers	O
after	O
spending	O
the	O
last	O
six	O
seasons	O
with	O
the	O
Milwaukee	O
Brewers	O
.	O
SAN	O
DIEGO	O
The	O
Colorado	B_new_team_city
Rockies	B_new_team
announced	O
today	O
that	O
they	O
have	O
agreed	O
to	O
terms	O
with	O
right-handed	O
pitcher	B_player_position
Scott	B_player_name
Oberg	I_player_name
on	O
a	O
three-year	O
contract	O
to	O
avoid	O
arbitration	O
that	O
will	O
span	O
the	O
2020-2022	O
seasons	O
with	O
a	O
club	O
option	O
for	O
2023	O
.	O
Oberg	O
","	O
29	B_player_age
","	O
went	O
1-Jun	O
with	O
five	O
saves	O
","	O
a	O
2.25	O
ERA	O
(	O
56	O
IP	O
","	O
14	O
ER	O
)	O
","	O
23	O
walks	O
and	O
58	O
strikeouts	O
across	O
49	O
relief	O
appearances	O
in	O
2019	O
ranked	O
third	O
in	O
ERA	O
among	O
all	O
National	O
League	O
relievers	O
","	O
while	O
his	O
1.24	O
ERA	O
(	O
43.2	O
IP	O
","	O
6	O
ER	O
)	O
prior	O
to	O
the	O
All-Star	O
break	O
ranked	O
second	O
was	O
placed	O
on	O
the	O
10-day	O
injured	O
list	O
on	O
Aug.	O
18	O
with	O
axillary	O
artery	O
thrombosis	O
in	O
his	O
right	O
arm	O
and	O
was	O
transferred	O
to	O
the	O
60-day	O
IL	O
on	O
Aug.	O
19	O
.	O
The	O
Detroit	B_new_team_city
Tigers	B_new_team
announced	O
today	O
that	O
they	O
have	O
acquired	O
RHP	B_player_position
's	O
Paul	B_player_name
Richan	I_player_name
and	O
Alex	B_player_name
Lange	I_player_name
from	O
the	O
Chicago	O
Cubs	O
in	O
exchange	O
for	O
OF	O
Nicholas	O
Castellanos	O
and	O
cash	O
considerations	O
.	O
Richan	O
","	O
who	O
is	O
22	B_player_age
and	O
stands	O
2-Jun	O
","	O
200-pounds	O
","	O
is	O
rated	O
as	O
the	O
16th-best	O
prospect	O
in	O
the	O
Cubs	O
organization	O
","	O
according	O
to	O
MLB	O
Pipeline	O
.	O
Richan	O
has	O
started	O
17	O
games	O
with	O
Single	O
A	O
Myrtle	O
Beach	O
this	O
season	O
","	O
posting	O
a	O
5-Oct	O
record	O
with	O
a	O
3.97	O
ERA	O
(	O
93.0IP/41ER	O
)	O
and	O
86	O
strikeouts	O
.	O
He	O
is	O
currently	O
tied	O
for	O
the	O
Carolina	O
League	O
lead	O
in	O
wins	O
","	O
while	O
he	O
is	O
fourth	O
in	O
WHIP	O
(	O
1.23	O
)	O
","	O
ninth	O
in	O
ERA	O
and	O
10th	O
in	O
strikeouts	O
.	O
A	O
second	O
round	O
draft	O
pick	O
by	O
the	O
Cubs	O
in	O
the	O
2018	O
MLB	O
Draft	O
","	O
Richan	O
has	O
made	O
27	O
appearances	O
","	O
including	O
26	O
starts	O
","	O
in	O
his	O
career	O
","	O
posting	O
a	O
7-Oct	O
record	O
with	O
a	O
3.52	O
ERA	O
(	O
122.2IP/48ER	O
)	O
and	O
117	O
strikeouts	O
.	O
ATLANTA	O
--	O
The	O
Atlanta	B_new_team_city
Braves	B_new_team
today	O
signed	O
LHP	B_player_position
Cole	B_player_name
Hamels	I_player_name
to	O
a	O
one-year	O
contract	O
worth	O
$	B_contract_amount
18	I_contract_amount
million	I_contract_amount
.	O
The	O
Braves	O
now	O
have	O
38	O
players	O
on	O
the	O
club	O
's	O
40-man	O
roster	O
.	O
Hamels	O
","	O
35	B_player_age
","	O
spent	O
last	O
season	O
with	O
the	O
Cubs	O
and	O
went	O
7-Jul	O
with	O
a	O
3.81	O
ERA	O
(	O
60	O
ER/141.2	O
IP	O
)	O
","	O
56	O
walks	O
and	O
143	O
strikeouts	O
in	O
27	O
starts	O
.	O
It	O
marked	O
the	O
14th	O
consecutive	O
season	O
he	O
made	O
at	O
least	O
20	O
starts	O
","	O
joining	O
Justin	O
Verlander	O
and	O
Zack	O
Greinke	O
as	O
the	O
only	O
active	O
pitchers	O
with	O
14-or-more	O
seasons	O
of	O
at	O
least	O
20	O
starts	O
.	O
SEATTLE	O
","	O
Wash.	O
Seattle	B_new_team_city
Mariners	B_new_team
Executive	O
Vice	O
President	O
&	O
General	O
Manager	O
of	O
Baseball	O
Operations	O
Jerry	O
Dipoto	O
announced	O
today	O
that	O
the	O
Mariners	O
have	O
claimed	O
RHP	B_player_position
Phillips	B_player_name
Valdez	I_player_name
off	O
waivers	O
from	O
Texas	O
.	O
Seattle	O
's	O
40-man	O
roster	O
is	O
now	O
at	O
35	O
players	O
.	O
Valdez	O
","	O
27	B_player_age
(	O
turns	O
28	O
on	O
November	O
16	O
)	O
","	O
made	O
11	O
relief	O
appearances	O
with	O
Texas	O
last	O
season	O
","	O
going	O
0-0	O
with	O
a	O
3.94	O
ERA	O
(	O
7	O
ER	O
","	O
16	O
IP	O
)	O
","	O
while	O
striking	O
out	O
18	O
and	O
walking	O
9	O
.	O
DETROIT	O
The	O
Detroit	B_new_team_city
Tigers	B_new_team
have	O
agreed	O
to	O
terms	O
with	O
catcher	B_player_position
Austin	B_player_name
Romine	I_player_name
on	O
a	O
one-year	O
Major	O
League	O
contract	O
.	O
Romine	O
","	O
31	B_player_age
","	O
played	O
in	O
73	O
games	O
with	O
the	O
New	O
York	O
Yankees	O
in	O
2019	O
","	O
hitting	O
.281/.310/.439	O
with	O
12	O
doubles	O
","	O
eight	O
home	O
runs	O
and	O
35	O
RBI	O
in	O
73	O
games	O
.	O
He	O
established	O
career	O
highs	O
in	O
batting	O
average	O
","	O
on-base	O
percentage	O
","	O
slugging	O
percentage	O
and	O
hits	O
(	O
64	O
)	O
","	O
while	O
tying	O
his	O
career	O
high	O
in	O
doubles	O
.	O
Over	O
his	O
final	O
39	O
games	O
of	O
the	O
season	O
","	O
he	O
hit	O
.333/.370/.548	O
with	O
nine	O
doubles	O
","	O
six	O
home	O
runs	O
and	O
19	O
RBI	O
.	O
SAN	O
DIEGO	O
","	O
Calif	O
.	O
The	O
San	B_new_team_city
Francisco	I_new_team_city
Giants	B_new_team
announced	O
today	O
that	O
they	O
have	O
acquired	O
infielders	B_player_position
Zack	B_player_name
Cozart	I_player_name
and	O
Will	B_player_name
Wilson	I_player_name
from	O
the	O
Los	O
Angeles	O
Angels	O
in	O
exchange	O
for	O
a	O
player	O
to	O
be	O
named	O
later	O
or	O
cash	O
considerations	O
.	O
Cozart	O
","	O
34	B_player_age
","	O
missed	O
most	O
of	O
the	O
2019	O
season	O
due	O
to	O
left	O
shoulder	O
inflammation	O
","	O
appearing	O
in	O
a	O
total	O
of	O
just	O
38	O
games	O
with	O
the	O
Angels	O
.	O
DENVER	O
The	O
Colorado	B_new_team_city
Rockies	B_new_team
announced	O
today	O
that	O
they	O
have	O
agreed	O
to	O
terms	O
with	O
shortstop	B_player_position
Trevor	B_player_name
Story	I_player_name
on	O
a	O
two-year	O
contract	O
to	O
avoid	O
arbitration	O
that	O
will	O
span	O
the	O
2020-21	O
seasons	O
.	O
Story	O
","	O
27	B_player_age
","	O
batted	O
0.294	O
(	O
173-for-588	O
)	O
with	O
111	O
runs	O
","	O
38	O
doubles	O
","	O
five	O
triples	O
","	O
35	O
home	O
runs	O
","	O
85	O
RBI	O
","	O
58	O
walks	O
and	O
23	O
stolen	O
bases	O
in	O
2019	O
","	O
his	O
second	O
consecutive	O
All-Star	O
season	O
and	O
his	O
second	O
consecutive	O
season	O
as	O
a	O
Silver	O
Slugger	O
winner	O
it	O
was	O
his	O
fourth	O
consecutive	O
season	O
with	O
at	O
least	O
20	O
home	O
runs	O
","	O
making	O
him	O
the	O
first	O
shortstop	O
in	O
Major	O
League	O
history	O
to	O
begin	O
his	O
career	O
with	O
four	O
consecutive	O
seasons	O
with	O
20	O
or	O
more	O
home	O
runs	O
also	O
became	O
the	O
first	O
player	O
in	O
Rockies	O
history	O
and	O
the	O
second	O
shortstop	O
in	O
Major	O
League	O
history	O
(	O
also	O
:	O
Alex	O
Rodriguez	O
","	O
1998-99	O
)	O
with	O
multiple	O
seasons	O
of	O
at	O
least	O
30	O
home	O
runs	O
and	O
20	O
stolen	O
bases	O
.	O
SEATTLE	O
","	O
Wash.	O
Seattle	B_new_team_city
Mariners	B_new_team
Executive	O
Vice	O
President	O
&	O
General	O
Manager	O
of	O
Baseball	O
Operations	O
Jerry	O
Dipoto	O
announced	O
today	O
that	O
Mariners	O
have	O
declined	O
LHP	B_player_position
Wade	B_player_name
LeBlanc	I_player_name
's	O
club	O
option	O
for	O
the	O
2020	O
season	O
.	O
Seattle	O
's	O
40-man	O
roster	O
is	O
now	O
at	O
34	O
players	O
.	O
LeBlanc	O
","	O
35	B_player_age
","	O
went	O
7-Jun	O
with	O
a	O
5.71	O
ERA	O
(	O
77	O
ER	O
","	O
121.1	O
IP	O
)	O
with	O
92	O
strikeouts	O
and	O
31	O
walks	O
in	O
26	O
appearances	O
(	O
8	O
starts	O
)	O
with	O
the	O
Mariners	O
last	O
season	O
.	O
He	O
made	O
8	O
starts	O
and	O
13	O
appearances	O
as	O
a	O
follower	O
as	O
part	O
of	O
the	O
Mariners	O
rotation	O
before	O
being	O
moved	O
to	O
the	O
bullpen	O
on	O
August	O
26	O
.	O
He	O
was	O
placed	O
on	O
the	O
10-day	O
Injured	O
List	O
with	O
a	O
strained	O
right	O
oblique	O
on	O
April	O
14	O
","	O
and	O
was	O
reinstated	O
from	O
the	O
IL	O
on	O
May	O
18	O
after	O
missing	O
20	O
games	O
.	O
The	O
Washington	B_new_team_city
Nationals	B_new_team
agreed	O
to	O
terms	O
on	O
a	O
two-year	O
contract	O
with	O
infielder	B_player_position
Starlin	B_player_name
Castro	I_player_name
on	O
Tuesday	O
.	O
Nationals	O
President	O
of	O
Baseball	O
Operations	O
and	O
General	O
Manager	O
Mike	O
Rizzo	O
made	O
the	O
announcement	O
.	O
Castro	O
","	O
29	B_player_age
","	O
joins	O
the	O
Nationals	O
after	O
setting	O
career	O
marks	O
with	O
22	O
home	O
runs	O
and	O
86	O
RBI	O
with	O
the	O
Miami	O
Marlins	O
in	O
2019	O
.	O
He	O
hit	O
0.27	O
with	O
31	O
doubles	O
","	O
four	O
triples	O
","	O
28	O
walks	O
","	O
68	O
runs	O
scored	O
","	O
a	O
0.3	O
on-base	O
percentage	O
and	O
a	O
0.436	O
slugging	O
percentage	O
in	O
his	O
10th	O
Major	O
League	O
season	O
.	O
FORT	O
MYERS	O
","	O
FL	O
The	O
Boston	B_new_team_city
Red	B_new_team
Sox	I_new_team
today	O
signed	O
right-handed	O
pitcher	B_player_position
Collin	B_player_name
McHugh	I_player_name
to	O
a	O
one-year	O
contract	O
for	O
the	O
2020	O
season	O
.	O
To	O
make	O
room	O
for	O
McHugh	O
on	O
the	O
40-man	O
roster	O
","	O
the	O
club	O
designated	O
right-handed	O
pitcher	O
Hector	O
Velazquez	O
for	O
assignment	O
.	O
Red	O
Sox	O
Chief	O
Baseball	O
Officer	O
Chaim	O
Bloom	O
made	O
the	O
announcement	O
.	O
McHugh	O
","	O
32	B_player_age
","	O
is	O
58-43	O
with	O
a	O
3.95	O
ERA	O
(	O
351	O
ER/800.2	O
IP	O
)	O
in	O
210	O
career	O
major	O
league	O
outings	O
","	O
including	O
119	O
starts	O
and	O
91	O
relief	O
appearances	O
.	O
DETROIT	O
The	O
Detroit	B_new_team_city
Tigers	B_new_team
today	O
claimed	O
the	O
contract	O
of	O
outfielder	B_player_position
Troy	B_player_name
Stokes	I_player_name
Jr.	O
from	O
the	O
Milwaukee	O
Brewers	O
.	O
Stokes	O
Jr.	O
","	O
who	O
finished	O
the	O
2019	O
season	O
with	O
Triple	O
A	O
San	O
Antonio	O
","	O
has	O
been	O
recalled	O
not	O
to	O
report	O
.	O
Stokes	O
Jr.	O
","	O
23	B_player_age
","	O
is	O
currently	O
ranked	O
as	O
the	O
No	O
.	O
18	O
prospect	O
in	O
the	O
Brewers	O
organization	O
by	O
Baseball	O
America	O
and	O
No	O
.	O
20	O
by	O
MLB	O
Pipeline	O
.	O
He	O
was	O
also	O
rated	O
as	O
the	O
best	O
defensive	O
outfielder	O
in	O
the	O
Brewers	O
organization	O
by	O
Baseball	O
America	O
following	O
the	O
2018	O
season	O
.	O
Stokes	O
Jr.	O
spent	O
the	O
entire	O
2019	O
season	O
with	O
San	O
Antonio	O
","	O
hitting	O
.233/.341/.385	O
with	O
22	O
doubles	O
","	O
nine	O
home	O
runs	O
and	O
40	O
RBI	O
.	O
In	O
six	O
Minor	O
League	O
seasons	O
","	O
he	O
has	O
batted	O
.250/.351/.411	O
with	O
115	O
doubles	O
","	O
18	O
triples	O
","	O
57	O
home	O
runs	O
and	O
246	O
RBI	O
.	O
ATLANTA	O
--	O
The	O
Atlanta	B_new_team_city
Braves	B_new_team
today	O
claimed	O
switch-hitting	O
","	O
five-time	O
Gold	O
Glove	O
finalist	O
OF	B_player_position
Billy	B_player_name
Hamilton	I_player_name
off	O
waivers	O
from	O
the	O
Kansas	O
City	O
Royals	O
.	O
Additionally	O
","	O
the	O
club	O
optioned	O
RHP	O
Bryse	O
Wilson	O
to	O
Triple-A	O
Gwinnett	O
","	O
while	O
recalling	O
RHP	O
Jacob	O
Webb	O
from	O
the	O
Stripers	O
and	O
placing	O
him	O
on	O
the	O
60-day	O
injured	O
list	O
with	O
a	O
right	O
elbow	O
impingement	O
.	O
The	O
Colorado	B_new_team_city
Rockies	B_new_team
also	O
claimed	O
RHP	B_player_position
Wes	B_player_name
Parsons	I_player_name
off	O
waivers	O
from	O
Atlanta	O
","	O
after	O
the	O
Braves	O
designated	O
the	O
righty	O
for	O
assignment	O
on	O
August	O
16	O
.	O
The	O
Braves	O
'	O
40-man	O
roster	O
is	O
full	O
.	O
Hamilton	O
","	O
28	B_player_age
","	O
spent	O
the	O
season	O
with	O
Kansas	O
City	O
","	O
appearing	O
in	O
93	O
games	O
with	O
the	O
Royals	O
and	O
hitting	O
0.211	O
(	O
58-for-275	O
)	O
with	O
18	O
stolen	O
bases	O
.	O
The	O
switch-hitter	O
signed	O
with	O
the	O
Royals	O
last	O
December	O
after	O
spending	O
the	O
first	O
six	O
seasons	O
of	O
his	O
major	O
league	O
career	O
with	O
Cincinnati	O
","	O
where	O
he	O
was	O
a	O
five-time	O
Gold	O
Glove	O
finalist	O
in	O
center	O
field	O
.	O
The	O
Phillies	B_new_team
have	O
signed	O
shortstop	B_player_position
Didi	B_player_name
Gregorius	I_player_name
to	O
a	O
one-year	O
contract	O
","	O
the	O
club	O
announced	O
today	O
.	O
Gregorius	O
","	O
29	B_player_age
","	O
appeared	O
in	O
82	O
games	O
with	O
the	O
New	O
York	O
Yankees	O
in	O
2019	O
","	O
batting	O
0.238	O
with	O
14	O
doubles	O
","	O
16	O
home	O
runs	O
","	O
61	O
RBI	O
and	O
47	O
runs	O
scored	O
.	O
His	O
61	O
RBI	O
were	O
third-most	O
in	O
baseball	O
among	O
players	O
with	O
fewer	O
than	O
345	O
plate	O
appearances	O
","	O
while	O
his	O
16	O
home	O
runs	O
were	O
tied	O
for	O
ninth-most	O
in	O
the	O
American	O
League	O
with	O
the	O
same	O
qualification	O
.	O
FLUSHING	O
","	O
N.Y.	O
","	O
December	O
13	O
","	O
2019	O
The	O
New	B_new_team_city
York	I_new_team_city
Mets	B_new_team
today	O
announced	O
that	O
the	O
club	O
has	O
signed	O
All-Star	O
right-handed	O
pitcher	B_player_position
Michael	B_player_name
Wacha	I_player_name
to	O
a	O
one-year	O
deal	O
.	O
In	O
a	O
corresponding	O
move	O
","	O
right-handed	O
pitcher	O
Chris	O
Mazza	O
has	O
been	O
designated	O
for	O
assignment	O
.	O
Wacha	O
","	O
28	B_player_age
","	O
owns	O
a	O
lifetime	O
59-39	O
record	O
with	O
a	O
3.91	O
career	O
ERA	O
in	O
165	O
appearances	O
(	O
151	O
starts	O
)	O
over	O
seven	O
major	O
league	O
seasons	O
","	O
all	O
with	O
St.	O
Louis	O
.	O
He	O
was	O
named	O
to	O
the	O
National	O
League	O
All-Star	O
team	O
in	O
2015	O
","	O
when	O
he	O
won	O
a	O
career-high	O
17	O
games	O
for	O
the	O
Cardinals	O
.	O
He	O
is	O
one	O
of	O
just	O
14	O
NL	O
pitchers	O
with	O
a	O
winning	O
percentage	O
above	O
0.6	O
since	O
2013	O
(	O
min	O
.	O
60	O
decisions	O
)	O
.	O
BOSTON	O
","	O
MA	O
The	O
Boston	B_new_team_city
Red	B_new_team
Sox	I_new_team
today	O
optioned	O
left-handed	O
pitcher	B_player_position
Josh	B_player_name
Osich	I_player_name
to	O
Triple-A	O
Pawtucket	O
.	O
Red	B_new_team
Sox	I_new_team
Chief	O
Baseball	O
Officer	O
Chaim	O
Bloom	O
made	O
the	O
announcement	O
.	O
Osich	O
","	O
31	B_player_age
","	O
signed	O
with	O
the	O
Red	O
Sox	O
as	O
a	O
major	O
league	O
free	O
agent	O
on	O
December	O
4	O
","	O
2019	O
.	O
The	O
left-hander	O
was	O
selected	O
by	O
San	O
Francisco	O
in	O
the	O
sixth	O
round	O
of	O
the	O
2011	O
June	O
Draft	O
and	O
pitched	O
in	O
the	O
Giants	O
organization	O
from	O
2012-18	O
.	O
In	O
57	O
appearances	O
for	O
the	O
White	O
Sox	O
in	O
2019	O
","	O
he	O
set	O
career	O
highs	O
in	O
innings	O
(	O
67.2	O
)	O
and	O
strikeouts	O
(	O
61	O
)	O
while	O
holding	O
left-handed	O
hitters	O
to	O
a	O
0.171	O
batting	O
average	O
.	O
He	O
made	O
12	O
appearances	O
against	O
AL	O
East	O
opponents	O
in	O
2019	O
","	O
posting	O
a	O
1.88	O
ERA	O
(	O
3	O
ER/14.1	O
IP	O
)	O
and	O
a	O
0.149	O
opponent	O
batting	O
average	O
.	O
In	O
217	O
career	O
major	O
league	O
outings	O
","	O
Osich	O
is	O
5-Oct	O
with	O
a	O
4.88	O
ERA	O
(	O
102	O
IP/188	O
ER	O
)	O
and	O
7.95	O
strikeouts	O
per	O
9	O
innings	O
.	O
CHICAGO	O
The	O
Chicago	B_new_team_city
Cubs	B_new_team
today	O
acquired	O
right-handed	O
pitcher	B_player_position
Travis	B_player_name
Lakins	I_player_name
from	O
the	O
Boston	O
Red	O
Sox	O
for	O
a	O
player	O
to	O
be	O
named	O
or	O
cash	O
consideration	O
.	O
Chicago	O
's	O
40-man	O
roster	O
now	O
stands	O
at	O
40	O
players	O
.	O
Lakins	O
","	O
25	B_player_age
","	O
made	O
his	O
major	O
league	O
debut	O
with	O
Boston	O
last	O
season	O
","	O
pitching	O
to	O
a	O
3.86	O
ERA	O
(	O
10	O
ER/23.1	O
IP	O
)	O
in	O
16	O
games	O
","	O
including	O
three	O
starts	O
as	O
an	O
opener	O
","	O
while	O
walking	O
10	O
and	O
striking	O
out	O
18	O
.	O
SEATTLE	O
","	O
Wash.	O
Seattle	B_new_team_city
Mariners	B_new_team
Executive	O
Vice	O
President	O
&	O
General	O
Manager	O
of	O
Baseball	O
Operations	O
Jerry	O
Dipoto	O
announced	O
today	O
that	O
the	O
Mariners	O
have	O
acquired	O
right-handed	O
pitcher	B_player_position
Adam	B_player_name
Hill	I_player_name
and	O
a	O
2020	O
Competitive	O
Balance	O
Round	O
B	O
selection	O
from	O
the	O
Milwaukee	O
Brewers	O
in	O
exchange	O
for	O
catcher	O
Omar	O
Narvaez	O
.	O
Seattle	O
's	O
40-man	O
roster	O
is	O
now	O
at	O
38	O
.	O
ATLANTA	O
The	O
Atlanta	B_new_team_city
Braves	B_new_team
today	O
signed	O
OF	B_player_position
Marcell	B_player_name
Ozuna	I_player_name
to	O
a	O
one-year	O
contract	O
worth	O
$	B_contract_amount
18	I_contract_amount
million	I_contract_amount
.	O
The	O
Braves	O
now	O
have	O
40	O
players	O
on	O
the	O
club	O
's	O
40-man	O
roster	O
.	O
Ozuna	O
","	O
29	B_player_age
","	O
spent	O
2019	O
with	O
St.	O
Louis	O
","	O
his	O
second	O
season	O
with	O
the	O
Cardinals	O
.	O
The	O
6-foot-1	O
","	O
225-pound	O
native	O
of	O
Santo	O
Domingo	O
","	O
Dominican	O
Republic	O
","	O
batted	O
0.241	O
(	O
117-for-485	O
)	O
with	O
29	O
home	O
runs	O
and	O
a	O
0.8	O
OPS	O
in	O
130	O
games	O
","	O
while	O
his	O
hard-hit	O
percentage	O
of	O
49.2	O
%	O
ranked	O
15th	O
highest	O
among	O
all	O
qualifying	O
major	O
leaguers	O
","	O
according	O
to	O
Statcast	O
.	O
ATLANTA	O
The	O
Atlanta	B_new_team_city
Braves	B_new_team
today	O
signed	O
catcher	B_player_position
Francisco	B_player_name
Cervelli	I_player_name
to	O
a	O
major	O
league	O
contract	O
.	O
He	O
will	O
wear	O
No	O
.	O
45	O
with	O
Atlanta	O
.	O
Cervelli	O
","	O
33	B_player_age
","	O
appeared	O
in	O
34	O
games	O
with	O
the	O
Pittsburgh	O
Pirates	O
this	O
season	O
","	O
batting	O
.193/.279/.248	O
over	O
109	O
at-bats	O
.	O
Cervelli	O
had	O
been	O
with	O
the	O
Pirates	O
since	O
2015	O
and	O
was	O
Pittsburgh	O
's	O
Opening	O
Day	O
catcher	O
in	O
each	O
of	O
those	O
seasons	O
.	O
He	O
played	O
in	O
450	O
games	O
with	O
the	O
Pirates	O
and	O
had	O
a	O
0.362	O
on-base	O
percentage	O
","	O
a	O
mark	O
topped	O
only	O
by	O
San	O
Francisco	O
's	O
Buster	O
Posey	O
(	O
0.368	O
)	O
among	O
major	O
league	O
catchers	O
in	O
that	O
time	O
.	O
The	O
Pittsburgh	B_new_team_city
Pirates	B_new_team
today	O
signed	O
outfielder	B_player_position
Guillermo	B_player_name
Heredia	I_player_name
to	O
a	O
one-year	O
contract	O
for	O
the	O
2020	O
season	O
.	O
The	O
announcement	O
was	O
made	O
by	O
Pirates	O
General	O
Manager	O
","	O
Ben	O
Cherington	O
.	O
Heredia	O
","	O
who	O
will	O
turn	O
29	B_player_age
on	O
January	O
31	O
","	O
hit	O
0.225	O
(	O
46-for-204	O
)	O
with	O
13	O
doubles	O
","	O
five	O
home	O
runs	O
and	O
20	O
RBI	O
in	O
89	O
games	O
with	O
Tampa	O
Bay	O
in	O
2019	O
.	O
He	O
made	O
41	O
appearances	O
in	O
center	O
field	O
","	O
28	O
in	O
right	O
field	O
and	O
14	O
in	O
left	O
field	O
.	O
CLEVELAND	O
","	O
OH	O
The	O
Cleveland	B_new_team_city
Indians	B_new_team
today	O
announced	O
the	O
signing	O
of	O
free	B_player_position
agent	I_player_position
Cameron	B_player_name
Rupp	I_player_name
to	O
a	O
Minor	O
League	O
contract	O
with	O
an	O
invitation	O
to	O
Major	O
League	O
Spring	O
Training	O
camp	O
.	O
Rupp	O
","	O
31	B_player_age
","	O
is	O
a	O
veteran	O
of	O
five	O
Major	O
League	O
seasons	O
(	O
2013-17	O
)	O
with	O
the	O
Philadelphia	O
Phillies	O
","	O
posting	O
a	O
career	O
average	O
of	O
0.234	O
(	O
240-for-1027	O
)	O
with	O
57	O
2B	O
","	O
39	O
HR	O
and	O
124	O
RBI	O
in	O
296	O
games	O
.	O
SAN	O
DIEGO	O
The	O
San	B_new_team_city
Diego	I_new_team_city
Padres	B_new_team
have	O
signed	O
right-handed	O
pitcher	B_player_position
Craig	B_player_name
Stammen	I_player_name
to	O
a	O
two-year	O
contract	O
through	O
the	O
2021	O
season	O
with	O
a	O
club	O
option	O
for	O
2022	O
","	O
Executive	O
Vice	O
President/General	O
Manager	O
A.J	O
.	O
Preller	O
announced	O
today	O
.	O
To	O
make	O
room	O
on	O
the	O
40-man	O
roster	O
","	O
the	O
Padres	O
designated	O
left-hander	O
Nick	O
Margevicius	O
for	O
assignment	O
.	O
The	O
35-year-old	O
Stammen	O
spent	O
the	O
last	O
three	O
seasons	O
in	O
San	O
Diego	O
(	O
2017-19	O
)	O
and	O
posted	O
an	O
18-13	O
record	O
with	O
four	O
saves	O
","	O
65	O
holds	O
","	O
a	O
3.06	O
ERA	O
(	O
82	O
ER	O
","	O
241.1	O
IP	O
)	O
and	O
235	O
strikeouts	O
to	O
just	O
60	O
walks	O
over	O
209	O
appearances	O
for	O
the	O
Padres	O
.	O
He	O
led	O
all	O
National	O
League	O
relievers	O
in	O
innings	O
pitched	O
over	O
that	O
stretch	O
and	O
ranked	O
3rd	O
in	O
appearances	O
","	O
4th	O
in	O
induced	O
double	O
plays	O
(	O
23	O
)	O
","	O
5th	O
in	O
holds	O
and	O
8th	O
in	O
strikeouts	O
.	O
The	O
Washington	B_new_team_city
Nationals	B_new_team
acquired	O
right-handed	O
pitcher	B_player_position
Ryne	B_player_name
Harper	I_player_name
from	O
the	O
Minnesota	O
Twins	O
in	O
exchange	O
for	O
right-handed	O
pitcher	O
Hunter	O
McMahon	O
on	O
Wednesday	O
.	O
Nationals	O
President	O
of	O
Baseball	O
Operations	O
and	O
General	O
Manager	O
Mike	O
Rizzo	O
made	O
the	O
announcement	O
.	O
Harper	O
","	O
30	B_player_age
","	O
went	O
2-Apr	O
with	O
one	O
save	O
and	O
a	O
3.81	O
ERA	O
in	O
his	O
first	O
Major	O
League	O
season	O
in	O
2019	O
.	O
He	O
struck	O
out	O
50	O
batters	O
and	O
issued	O
10	O
walks	O
in	O
61	O
appearances	O
out	O
of	O
Minnesota	O
's	O
bullpen	O
.	O
The	O
Pittsburgh	B_new_team_city
Pirates	B_new_team
today	O
signed	O
outfielder	B_player_position
Solomon	B_player_name
Maguire	I_player_name
as	O
a	O
non-drafted	O
free	O
agent	O
.	O
The	O
16-year-old	O
Maguire	O
","	O
who	O
is	O
from	O
Kellyville	O
","	O
Australia	O
","	O
is	O
currently	O
a	O
senior	O
at	O
Castle	O
Hill	O
High	O
School	O
in	O
Sydney	O
","	O
Australia	O
.	O
The	O
Pirates	O
have	O
now	O
signed	O
43	O
players	O
during	O
the	O
2019-20	O
international	O
signing	O
period	O
.	O
ATLANTA	O
The	O
Atlanta	B_new_team_city
Braves	B_new_team
today	O
signed	O
C	B_player_position
Tyler	B_player_name
Flowers	I_player_name
and	O
OF	B_player_position
Nick	B_player_name
Markakis	I_player_name
to	O
one-year	O
contracts	O
after	O
declining	O
both	O
players	O
'	O
team	O
options	O
for	O
the	O
2020	O
season	O
.	O
The	O
club	O
also	O
declined	O
RHP	O
Julio	O
Teheran	O
's	O
team	O
option	O
for	O
2020	O
","	O
declined	O
a	O
mutual	O
option	O
for	O
OF	O
Billy	O
Hamilton	O
and	O
tendered	O
3B	O
Josh	O
Donaldson	O
a	O
qualifying	O
offer	O
.	O
Flowers	O
","	O
33	B_player_age
","	O
signed	O
a	O
one-year	O
","	O
$	B_contract_amount
4	I_contract_amount
million	I_contract_amount
contract	O
for	O
2020	O
.	O
The	O
native	O
of	O
Roswell	O
","	O
Ga.	O
","	O
hit	O
0.229	O
(	O
62-for-271	O
)	O
with	O
11	O
home	O
runs	O
","	O
34	O
RBI	O
and	O
a	O
0.733	O
OPS	O
in	O
85	O
games	O
for	O
the	O
Braves	O
last	O
season	O
.	O
Flowers	O
joined	O
the	O
Braves	O
in	O
December	O
of	O
2015	O
","	O
signing	O
a	O
two-year	O
contract	O
.	O
He	O
agreed	O
to	O
a	O
one-year	O
extension	O
with	O
a	O
club	O
option	O
for	O
2020	O
on	O
August	O
28	O
","	O
2018	O
.	O
CHICAGO	O
The	O
Chicago	B_new_team_city
White	B_new_team
Sox	I_new_team
have	O
agreed	O
to	O
terms	O
on	O
a	O
one-year	O
","	O
$	B_contract_amount
6-million	I_contract_amount
contract	O
with	O
right-handed	O
reliever	B_player_position
Steve	B_player_name
Cishek	I_player_name
","	O
which	O
includes	O
a	O
club	O
option	O
for	O
2021	O
.	O
Under	O
terms	O
of	O
the	O
agreement	O
","	O
Cishek	O
will	O
receive	O
$	O
5.25	O
million	O
in	O
2020	O
","	O
while	O
the	O
White	O
Sox	O
hold	O
a	O
$	O
6.75-million	O
option	O
for	O
2021	O
with	O
a	O
$	O
"750,000"	O
buyout	O
.	O
Cishek	O
","	O
33	B_player_age
","	O
went	O
6-Apr	O
with	O
a	O
2.95	O
ERA	O
(	O
21	O
ER/64.0	O
IP	O
)	O
","	O
seven	O
saves	O
","	O
12	O
holds	O
","	O
a	O
0.21	O
opponents	O
average	O
(	O
48-229	O
)	O
","	O
just	O
seven	O
home	O
runs	O
allowed	O
and	O
57	O
strikeouts	O
over	O
70	O
relief	O
appearances	O
with	O
the	O
Cubs	O
in	O
2019	O
.	O
The	O
New	B_new_team_city
York	I_new_team_city
Yankees	B_new_team
announced	O
today	O
that	O
they	O
have	O
acquired	O
minor	O
league	O
3B	B_player_position
James	B_player_name
Nelson	I_player_name
and	O
cash	O
considerations	O
from	O
the	O
Miami	O
Marlins	O
in	O
exchange	O
for	O
LHP	O
Stephen	O
Tarpley	O
.	O
Nelson	O
","	O
22	B_player_age
","	O
spent	O
the	O
entire	O
2019	O
season	O
with	O
Single-A	O
Jupiter	O
","	O
batting	O
0.228	O
(	O
98-for-429	O
)	O
with	O
36R	O
","	O
13	O
doubles	O
","	O
2	O
triples	O
","	O
4HR	O
and	O
36RBI	O
in	O
121	O
games	O
.	O
SAN	O
DIEGO	O
","	O
Calif	O
.	O
The	O
San	B_new_team_city
Francisco	I_new_team_city
Giants	B_new_team
announced	O
today	O
that	O
they	O
have	O
signed	O
right-handed	O
pitcher	B_player_position
Kevin	B_player_name
Gausman	I_player_name
to	O
a	O
one-year	O
contract	O
for	O
2020	O
worth	O
$	B_contract_amount
9	I_contract_amount
million	I_contract_amount
.	O
Gausman	O
can	O
make	O
up	O
to	O
an	O
additional	O
$	O
1	O
million	O
in	O
performance	O
bonuses	O
:	O
$	O
"250,000"	O
each	O
for	O
18	O
","	O
22	O
","	O
26	O
and	O
30	O
games	O
started	O
as	O
a	O
pitcher	O
.	O
Gausman	O
","	O
29	B_player_age
","	O
split	O
last	O
season	O
with	O
the	O
Braves	O
and	O
Reds	O
combining	O
for	O
a	O
9-Mar	O
record	O
and	O
a	O
5.72	O
ERA	O
in	O
31	O
games	O
(	O
17	O
starts	O
)	O
.	O
He	O
began	O
the	O
season	O
with	O
Atlanta	O
","	O
going	O
7-Mar	O
with	O
a	O
6.19	O
ERA	O
in	O
16	O
starts	O
before	O
being	O
claimed	O
by	O
the	O
Reds	O
in	O
August	O
and	O
going	O
0-2	O
with	O
a	O
4.03	O
ERA	O
in	O
15	O
games	O
(	O
one	O
start	O
)	O
.	O
CHICAGO	O
The	O
Chicago	B_new_team_city
White	B_new_team
Sox	I_new_team
have	O
agreed	O
to	O
terms	O
on	O
a	O
six-year	O
","	O
$	B_contract_amount
50-million	I_contract_amount
contract	O
with	O
outfielder	B_player_position
Luis	B_player_name
Robert	I_player_name
","	O
plus	O
two	O
club	O
options	O
that	O
could	O
extend	O
the	O
deal	O
through	O
the	O
2027	O
season	O
.	O
Under	O
terms	O
of	O
the	O
contract	O
","	O
Robert	O
","	O
22	B_player_age
","	O
will	O
receive	O
$	O
1.5	O
million	O
in	O
2020	O
","	O
$	O
3.5	O
million	O
in	O
2021	O
","	O
$	O
6	O
million	O
in	O
2022	O
","	O
$	O
9.5	O
million	O
in	O
2023	O
","	O
$	O
12.5	O
million	O
in	O
2024	O
and	O
$	O
15	O
million	O
in	O
2025	O
.	O
The	O
White	B_new_team
Sox	I_new_team
hold	O
$	B_contract_amount
20-million	I_contract_amount
options	O
for	O
both	O
2026	O
and	O
2027	O
","	O
with	O
$	O
2	O
million	O
buyouts	O
for	O
either	O
season	O
.	O
SAN	O
DIEGO	O
The	B_new_team_city
San	I_new_team_city
Diego	I_new_team_city
Padres	B_new_team
have	O
signed	O
left-handed	O
pitcher	B_player_position
Drew	B_player_name
Pomeranz	I_player_name
to	O
a	O
four-year	O
contract	O
","	O
Executive	O
Vice	O
President/General	O
Manager	O
A.J	O
.	O
Preller	O
announced	O
today	O
.	O
To	O
make	O
room	O
on	O
the	O
40-man	O
roster	O
","	O
the	O
Padres	O
designated	O
RHP	O
Pedro	O
Avila	O
for	O
assignment	O
.	O
CHICAGO	O
The	O
Chicago	B_new_team_city
White	B_new_team
Sox	I_new_team
have	O
agreed	O
to	O
terms	O
on	O
a	O
one-year	O
","	O
$	B_contract_amount
12-million	I_contract_amount
contract	O
with	O
three-time	O
All-Star	O
first	B_player_position
baseman/designated	I_player_position
hitter	I_player_position
Edwin	B_player_name
Encarnacion	I_player_name
","	O
which	O
includes	O
a	O
club	O
option	O
for	O
2021	O
.	O
Under	O
terms	O
of	O
the	O
agreement	O
","	O
Encarnacion	O
will	O
receive	O
$	O
12	O
million	O
in	O
2020	O
","	O
while	O
the	O
White	B_new_team
Sox	I_new_team
hold	O
a	O
$	B_contract_amount
12-million	I_contract_amount
option	O
for	O
2021	O
which	O
does	O
not	O
include	O
a	O
buyout	O
.	O
Encarnacion	O
","	O
who	O
turned	O
37	B_player_age
on	O
January	O
7	O
","	O
batted	O
.244/.344/.531	O
(	O
102-418	O
)	O
with	O
34	O
home	O
runs	O
","	O
86	O
RBI	O
and	O
81	O
runs	O
scored	O
over	O
109	O
games	O
last	O
season	O
between	O
Seattle	O
and	O
New	O
York-AL	O
.	O
GLENDALE	O
","	O
Ariz	O
.	O
The	O
Chicago	B_new_team_city
White	B_new_team
Sox	I_new_team
have	O
agreed	O
to	O
terms	O
on	O
a	O
five-year	O
","	O
$	B_contract_amount
16-million	I_contract_amount
contract	O
with	O
left-handed	O
pitcher	B_player_position
Aaron	B_player_name
Bummer	I_player_name
","	O
plus	O
two	O
club	O
options	O
that	O
could	O
extend	O
the	O
deal	O
through	O
the	O
2026	O
season	O
.	O
Under	O
terms	O
of	O
the	O
contract	O
","	O
Bummer	O
will	O
receive	O
$	O
1	O
million	O
in	O
2020	O
","	O
$	O
2	O
million	O
in	O
2021	O
","	O
$	O
2.5	O
million	O
in	O
2022	O
","	O
$	O
3.75	O
million	O
in	O
2023	O
and	O
$	O
5.5	O
million	O
in	O
2024	O
.	O
The	O
White	B_new_team
Sox	I_new_team
hold	O
options	O
for	O
$	O
7.25	O
million	O
in	O
2025	O
and	O
$	O
7.5	O
million	O
in	O
2026	O
","	O
with	O
$	O
1.25	O
million	O
buyouts	O
for	O
either	O
season	O
.	O
CHICAGO	O
The	O
Chicago	B_new_team_city
Cubs	B_new_team
today	O
acquired	O
right-handed	O
pitcher	B_player_position
Casey	B_player_name
Sadler	I_player_name
from	O
the	O
Los	O
Angeles	O
Dodgers	O
for	O
minor	O
league	O
infielder	O
Clayton	O
Daniel	O
.	O
Chicago	O
's	O
40-man	O
roster	O
now	O
stands	O
at	O
39	O
players	O
.	O
Sadler	O
","	O
29	B_player_age
","	O
combined	O
to	O
go	O
Apr-00	O
with	O
one	O
save	O
and	O
a	O
2.14	O
ERA	O
(	O
11	O
ER/46.2	O
IP	O
)	O
in	O
33	O
big	O
league	O
appearances	O
","	O
all	O
but	O
one	O
in	O
relief	O
","	O
between	O
the	O
Tampa	O
Bay	O
Rays	O
and	O
Dodgers	O
last	O
year	O
.	O
SAN	O
DIEGO	O
--	O
The	O
San	B_new_team_city
Diego	I_new_team_city
Padres	B_new_team
have	O
acquired	O
outfielder	B_player_position
Tommy	B_player_name
Pham	I_player_name
and	O
infielder/right-handed	B_player_position
pitcher	I_player_position
Jake	B_player_name
Cronenworth	I_player_name
from	O
the	O
Tampa	O
Bay	O
Rays	O
in	O
exchange	O
for	O
outfielder	B_player_position
Hunter	B_player_name
Renfroe	I_player_name
","	O
infielder	B_player_position
Xavier	B_player_name
Edwards	I_player_name
and	O
a	O
player	O
to	O
be	O
named	O
later	O
","	O
Executive	O
Vice	O
President/General	O
Manager	O
A.J	O
.	O
Preller	O
announced	O
today	O
.	O
The	O
Washington	B_new_team_city
Nationals	B_new_team
agreed	O
to	O
terms	O
on	O
a	O
two-year	O
contract	O
with	O
right-handed	O
pitcher	B_player_position
Daniel	B_player_name
Hudson	I_player_name
on	O
Tuesday	O
.	O
Nationals	O
President	O
of	O
Baseball	O
Operations	O
and	O
General	O
Manager	O
Mike	O
Rizzo	O
made	O
the	O
announcement	O
.	O
Hudson	O
","	O
32	B_player_age
","	O
returns	O
to	O
Washington	O
after	O
going	O
Mar-00	O
with	O
six	O
saves	O
and	O
a	O
1.44	O
ERA	O
in	O
24	O
games	O
for	O
the	O
Nationals	O
in	O
2019	O
.	O
He	O
recorded	O
the	O
final	O
out	O
of	O
Washington	O
's	O
World	O
Series	O
Championship	O
run	O
","	O
striking	O
out	O
Houston	O
's	O
Michael	O
Brantley	O
to	O
cap	O
the	O
2-Jun	O
victory	O
.	
